fixed acidity,volatile acidity,citric acid,residual sugar,chlorides,free sulfur dioxide,pH,sulphates,alcohol
7.4,0.7,0,1.9,0.076,11,3.51,0.56,9.4
7.8,0.88,0,2.6,0.098,25,3.2,0.68,9.8
7.8,0.76,0.04,2.3,0.092,15,3.26,0.65,9.8
11.2,0.28,0.56,1.9,0.075,17,3.16,0.58,9.8
7.4,0.7,0,1.9,0.076,11,3.51,0.56,9.4
7.4,0.66,0,1.8,0.075,13,3.51,0.56,9.4
7.9,0.6,0.06,1.6,0.069,15,3.3,0.46,9.4
7.3,0.65,0,1.2,0.065,15,3.39,0.47,10
7.8,0.58,0.02,2,0.073,9,3.36,0.57,9.5
7.5,0.5,0.36,6.1,0.071,17,3.35,0.8,10.5
6.7,0.58,0.08,1.8,0.097,15,3.28,0.54,9.2
7.5,0.5,0.36,6.1,0.071,17,3.35,0.8,10.5
5.6,0.615,0,1.6,0.089,16,3.58,0.52,9.9
7.8,0.61,0.29,1.6,0.114,9,3.26,1.56,9.1
8.9,0.62,0.18,3.8,0.176,52,3.16,0.88,9.2
8.9,0.62,0.19,3.9,0.17,51,3.17,0.93,9.2
8.5,0.28,0.56,1.8,0.092,35,3.3,0.75,10.5
8.1,0.56,0.28,1.7,0.368,16,3.11,1.28,9.3
7.4,0.59,0.08,4.4,0.086,6,3.38,0.5,9
7.9,0.32,0.51,1.8,0.341,17,3.04,1.08,9.2
8.9,0.22,0.48,1.8,0.077,29,3.39,0.53,9.4
7.6,0.39,0.31,2.3,0.082,23,3.52,0.65,9.7
7.9,0.43,0.21,1.6,0.106,10,3.17,0.91,9.5
8.5,0.49,0.11,2.3,0.084,9,3.17,0.53,9.4
6.9,0.4,0.14,2.4,0.085,21,3.43,0.63,9.7
6.3,0.39,0.16,1.4,0.08,11,3.34,0.56,9.3
7.6,0.41,0.24,1.8,0.08,4,3.28,0.59,9.5
7.9,0.43,0.21,1.6,0.106,10,3.17,0.91,9.5
7.1,0.71,0,1.9,0.08,14,3.47,0.55,9.4
7.8,0.645,0,2,0.082,8,3.38,0.59,9.8
6.7,0.675,0.07,2.4,0.089,17,3.35,0.54,10.1
6.9,0.685,0,2.5,0.105,22,3.46,0.57,10.6
8.3,0.655,0.12,2.3,0.083,15,3.17,0.66,9.8
6.9,0.605,0.12,10.7,0.073,40,3.45,0.52,9.4
5.2,0.32,0.25,1.8,0.103,13,3.38,0.55,9.2
7.8,0.645,0,5.5,0.086,5,3.4,0.55,9.6
7.8,0.6,0.14,2.4,0.086,3,3.42,0.6,10.8
8.1,0.38,0.28,2.1,0.066,13,3.23,0.73,9.7
5.7,1.13,0.09,1.5,0.172,7,3.5,0.48,9.8
7.3,0.45,0.36,5.9,0.074,12,3.33,0.83,10.5
7.3,0.45,0.36,5.9,0.074,12,3.33,0.83,10.5
8.8,0.61,0.3,2.8,0.088,17,3.26,0.51,9.3
7.5,0.49,0.2,2.6,0.332,8,3.21,0.9,10.5
8.1,0.66,0.22,2.2,0.069,9,3.3,1.2,10.3
6.8,0.67,0.02,1.8,0.05,5,3.48,0.52,9.5
4.6,0.52,0.15,2.1,0.054,8,3.9,0.56,13.1
7.7,0.935,0.43,2.2,0.114,22,3.25,0.73,9.2
8.7,0.29,0.52,1.6,0.113,12,3.25,0.58,9.5
6.4,0.4,0.23,1.6,0.066,5,3.34,0.56,9.2
5.6,0.31,0.37,1.4,0.074,12,3.32,0.58,9.2
8.8,0.66,0.26,1.7,0.074,4,3.15,0.74,9.2
6.6,0.52,0.04,2.2,0.069,8,3.4,0.63,9.4
6.6,0.5,0.04,2.1,0.068,6,3.39,0.64,9.4
8.6,0.38,0.36,3,0.081,30,3.2,0.56,9.4
7.6,0.51,0.15,2.8,0.11,33,3.17,0.63,10.2
7.7,0.62,0.04,3.8,0.084,25,3.34,0.53,9.5
10.2,0.42,0.57,3.4,0.07,4,3.04,0.63,9.6
7.5,0.63,0.12,5.1,0.111,50,3.26,0.77,9.4
7.8,0.59,0.18,2.3,0.076,17,3.43,0.59,10
7.3,0.39,0.31,2.4,0.074,9,3.41,0.54,9.4
8.8,0.4,0.4,2.2,0.079,19,3.44,0.64,9.2
7.7,0.69,0.49,1.8,0.115,20,3.21,0.71,9.3
7.5,0.52,0.16,1.9,0.085,12,3.38,0.62,9.5
7,0.735,0.05,2,0.081,13,3.39,0.57,9.8
7.2,0.725,0.05,4.65,0.086,4,3.41,0.39,10.9
7.2,0.725,0.05,4.65,0.086,4,3.41,0.39,10.9
7.5,0.52,0.11,1.5,0.079,11,3.42,0.58,9.6
6.6,0.705,0.07,1.6,0.076,6,3.44,0.58,10.7
9.3,0.32,0.57,2,0.074,27,3.28,0.79,10.7
8,0.705,0.05,1.9,0.074,8,3.34,0.95,10.5
7.7,0.63,0.08,1.9,0.076,15,3.32,0.54,9.5
7.7,0.67,0.23,2.1,0.088,17,3.32,0.48,9.5
7.7,0.69,0.22,1.9,0.084,18,3.31,0.48,9.5
8.3,0.675,0.26,2.1,0.084,11,3.31,0.53,9.2
9.7,0.32,0.54,2.5,0.094,28,3.28,0.82,9.6
8.8,0.41,0.64,2.2,0.093,9,3.54,0.66,10.5
8.8,0.41,0.64,2.2,0.093,9,3.54,0.66,10.5
6.8,0.785,0,2.4,0.104,14,3.52,0.55,10.7
6.7,0.75,0.12,2,0.086,12,3.38,0.52,10.1
8.3,0.625,0.2,1.5,0.08,27,3.16,1.12,9.1
6.2,0.45,0.2,1.6,0.069,3,3.41,0.56,9.2
7.8,0.43,0.7,1.9,0.464,22,3.13,1.28,9.4
7.4,0.5,0.47,2,0.086,21,3.36,0.57,9.1
7.3,0.67,0.26,1.8,0.401,16,3.16,1.14,9.4
6.3,0.3,0.48,1.8,0.069,18,3.44,0.78,10.3
6.9,0.55,0.15,2.2,0.076,19,3.41,0.59,10.1
8.6,0.49,0.28,1.9,0.11,20,2.93,1.95,9.9
7.7,0.49,0.26,1.9,0.062,9,3.39,0.64,9.6
9.3,0.39,0.44,2.1,0.107,34,3.14,1.22,9.5
7,0.62,0.08,1.8,0.076,8,3.48,0.53,9
7.9,0.52,0.26,1.9,0.079,42,3.23,0.54,9.5
8.6,0.49,0.28,1.9,0.11,20,2.93,1.95,9.9
8.6,0.49,0.29,2,0.11,19,2.93,1.98,9.8
7.7,0.49,0.26,1.9,0.062,9,3.39,0.64,9.6
5,1.02,0.04,1.4,0.045,41,3.75,0.48,10.5
4.7,0.6,0.17,2.3,0.058,17,3.85,0.6,12.9
6.8,0.775,0,3,0.102,8,3.45,0.56,10.7
7,0.5,0.25,2,0.07,3,3.25,0.63,9.2
7.6,0.9,0.06,2.5,0.079,5,3.39,0.56,9.8
8.1,0.545,0.18,1.9,0.08,13,3.3,0.59,9
8.3,0.61,0.3,2.1,0.084,11,3.4,0.61,10.2
7.8,0.5,0.3,1.9,0.075,8,3.31,0.56,10.4
8.1,0.545,0.18,1.9,0.08,13,3.3,0.59,9
8.1,0.575,0.22,2.1,0.077,12,3.29,0.51,9.2
7.2,0.49,0.24,2.2,0.07,5,3.33,0.48,9.4
8.1,0.575,0.22,2.1,0.077,12,3.29,0.51,9.2
7.8,0.41,0.68,1.7,0.467,18,3.08,1.31,9.3
6.2,0.63,0.31,1.7,0.088,15,3.46,0.79,9.3
8,0.33,0.53,2.5,0.091,18,3.37,0.8,9.6
8.1,0.785,0.52,2,0.122,37,3.21,0.69,9.3
7.8,0.56,0.19,1.8,0.104,12,3.19,0.93,9.5
8.4,0.62,0.09,2.2,0.084,11,3.15,0.66,9.8
8.4,0.6,0.1,2.2,0.085,14,3.15,0.66,9.8
10.1,0.31,0.44,2.3,0.08,22,3.32,0.67,9.7
7.8,0.56,0.19,1.8,0.104,12,3.19,0.93,9.5
9.4,0.4,0.31,2.2,0.09,13,3.07,0.63,10.5
8.3,0.54,0.28,1.9,0.077,11,3.39,0.61,10
7.8,0.56,0.12,2,0.082,7,3.37,0.5,9.4
8.8,0.55,0.04,2.2,0.119,14,3.21,0.6,10.9
7,0.69,0.08,1.8,0.097,22,3.34,0.54,9.2
7.3,1.07,0.09,1.7,0.178,10,3.3,0.57,9
8.8,0.55,0.04,2.2,0.119,14,3.21,0.6,10.9
7.3,0.695,0,2.5,0.075,3,3.49,0.52,9.2
8,0.71,0,2.6,0.08,11,3.44,0.53,9.5
7.8,0.5,0.17,1.6,0.082,21,3.39,0.48,9.5
9,0.62,0.04,1.9,0.146,27,3.16,0.7,9.4
8.2,1.33,0,1.7,0.081,3,3.53,0.49,10.9
8.1,1.33,0,1.8,0.082,3,3.54,0.48,10.9
8,0.59,0.16,1.8,0.065,3,3.42,0.92,10.5
6.1,0.38,0.15,1.8,0.072,6,3.42,0.57,9.4
8,0.745,0.56,2,0.118,30,3.24,0.66,9.4
5.6,0.5,0.09,2.3,0.049,17,3.63,0.63,13
5.6,0.5,0.09,2.3,0.049,17,3.63,0.63,13
6.6,0.5,0.01,1.5,0.06,17,3.4,0.58,9.8
7.9,1.04,0.05,2.2,0.084,13,3.22,0.55,9.9
8.4,0.745,0.11,1.9,0.09,16,3.19,0.82,9.6
8.3,0.715,0.15,1.8,0.089,10,3.23,0.77,9.5
7.2,0.415,0.36,2,0.081,13,3.48,0.64,9.2
7.8,0.56,0.19,2.1,0.081,15,3.33,0.54,9.5
7.8,0.56,0.19,2,0.081,17,3.32,0.54,9.5
8.4,0.745,0.11,1.9,0.09,16,3.19,0.82,9.6
8.3,0.715,0.15,1.8,0.089,10,3.23,0.77,9.5
5.2,0.34,0,1.8,0.05,27,3.68,0.79,14
6.3,0.39,0.08,1.7,0.066,3,3.34,0.58,9.4
5.2,0.34,0,1.8,0.05,27,3.68,0.79,14
8.1,0.67,0.55,1.8,0.117,32,3.17,0.62,9.4
5.8,0.68,0.02,1.8,0.087,21,3.54,0.52,10
7.6,0.49,0.26,1.6,0.236,10,3.11,0.8,9.3
6.9,0.49,0.1,2.3,0.074,12,3.42,0.58,10.2
8.2,0.4,0.44,2.8,0.089,11,3.53,0.61,10.5
7.3,0.33,0.47,2.1,0.077,5,3.33,0.53,10.3
9.2,0.52,1,3.4,0.61,32,2.74,2,9.4
7.5,0.6,0.03,1.8,0.095,25,3.35,0.54,10.1
7.5,0.6,0.03,1.8,0.095,25,3.35,0.54,10.1
7.1,0.43,0.42,5.5,0.07,29,3.42,0.72,10.5
7.1,0.43,0.42,5.5,0.071,28,3.42,0.71,10.5
7.1,0.43,0.42,5.5,0.07,29,3.42,0.72,10.5
7.1,0.43,0.42,5.5,0.071,28,3.42,0.71,10.5
7.1,0.68,0,2.2,0.073,12,3.48,0.5,9.3
6.8,0.6,0.18,1.9,0.079,18,3.59,0.57,9.3
7.6,0.95,0.03,2,0.09,7,3.2,0.56,9.6
7.6,0.68,0.02,1.3,0.072,9,3.17,1.08,9.2
7.8,0.53,0.04,1.7,0.076,17,3.33,0.56,10
7.4,0.6,0.26,7.3,0.07,36,3.37,0.49,9.4
7.3,0.59,0.26,7.2,0.07,35,3.37,0.49,9.4
7.8,0.63,0.48,1.7,0.1,14,3.19,0.62,9.5
6.8,0.64,0.1,2.1,0.085,18,3.34,0.52,10.2
7.3,0.55,0.03,1.6,0.072,17,3.37,0.48,9
6.8,0.63,0.07,2.1,0.089,11,3.47,0.55,10.4
7.5,0.705,0.24,1.8,0.36,15,3,1.59,9.5
7.9,0.885,0.03,1.8,0.058,4,3.36,0.33,9.1
8,0.42,0.17,2,0.073,6,3.29,0.61,9.2
8,0.42,0.17,2,0.073,6,3.29,0.61,9.2
7.4,0.62,0.05,1.9,0.068,24,3.42,0.57,11.5
7.3,0.38,0.21,2,0.08,7,3.33,0.47,9.5
6.9,0.5,0.04,1.5,0.085,19,3.35,0.78,9.5
7.3,0.38,0.21,2,0.08,7,3.33,0.47,9.5
7.5,0.52,0.42,2.3,0.087,8,3.58,0.61,10.5
7,0.805,0,2.5,0.068,7,3.48,0.56,9.6
8.8,0.61,0.14,2.4,0.067,10,3.19,0.59,9.5
8.8,0.61,0.14,2.4,0.067,10,3.19,0.59,9.5
8.9,0.61,0.49,2,0.27,23,3.12,1.02,9.3
7.2,0.73,0.02,2.5,0.076,16,3.44,0.52,9.3
6.8,0.61,0.2,1.8,0.077,11,3.54,0.58,9.3
6.7,0.62,0.21,1.9,0.079,8,3.52,0.58,9.3
8.9,0.31,0.57,2,0.111,26,3.26,0.53,9.7
7.4,0.39,0.48,2,0.082,14,3.34,0.55,9.2
7.7,0.705,0.1,2.6,0.084,9,3.39,0.49,9.7
7.9,0.5,0.33,2,0.084,15,3.2,0.55,9.5
7.9,0.49,0.32,1.9,0.082,17,3.2,0.55,9.5
8.2,0.5,0.35,2.9,0.077,21,3.23,0.62,9.4
6.4,0.37,0.25,1.9,0.074,21,3.57,0.62,9.8
6.8,0.63,0.12,3.8,0.099,16,3.28,0.61,9.5
7.6,0.55,0.21,2.2,0.071,7,3.28,0.55,9.7
7.6,0.55,0.21,2.2,0.071,7,3.28,0.55,9.7
7.8,0.59,0.33,2,0.074,24,3.25,0.54,9.4
7.3,0.58,0.3,2.4,0.074,15,3.46,0.59,10.2
11.5,0.3,0.6,2,0.067,12,3.11,0.97,10.1
5.4,0.835,0.08,1.2,0.046,13,3.57,0.85,13
6.9,1.09,0.06,2.1,0.061,12,3.51,0.43,11.4
9.6,0.32,0.47,1.4,0.056,9,3.22,0.82,10.3
8.8,0.37,0.48,2.1,0.097,39,3.04,1.03,9.3
6.8,0.5,0.11,1.5,0.075,16,3.36,0.79,9.5
7,0.42,0.35,1.6,0.088,16,3.34,0.55,9.2
7,0.43,0.36,1.6,0.089,14,3.34,0.56,9.2
12.8,0.3,0.74,2.6,0.095,9,3.2,0.77,10.8
12.8,0.3,0.74,2.6,0.095,9,3.2,0.77,10.8
7.8,0.57,0.31,1.8,0.069,26,3.29,0.53,9.3
7.8,0.44,0.28,2.7,0.1,18,3.22,0.67,9.4
11,0.3,0.58,2.1,0.054,7,3.31,0.88,10.5
9.7,0.53,0.6,2,0.039,5,3.3,0.86,12.4
8,0.725,0.24,2.8,0.083,10,3.35,0.56,10
11.6,0.44,0.64,2.1,0.059,5,3.21,0.67,10.2
8.2,0.57,0.26,2.2,0.06,28,3.3,0.43,10.1
7.8,0.735,0.08,2.4,0.092,10,3.24,0.71,9.8
7,0.49,0.49,5.6,0.06,26,3.34,0.76,10.5
8.7,0.625,0.16,2,0.101,13,3.14,0.57,11
8.1,0.725,0.22,2.2,0.072,11,3.36,0.55,9.1
7.5,0.49,0.19,1.9,0.076,10,3.39,0.54,9.7
7.8,0.53,0.33,2.4,0.08,24,3.3,0.6,9.5
7.8,0.34,0.37,2,0.082,24,3.34,0.59,9.4
7.4,0.53,0.26,2,0.101,16,3.15,0.57,9.4
6.8,0.61,0.04,1.5,0.057,5,3.42,0.6,9.5
8.6,0.645,0.25,2,0.083,8,3.28,0.6,10
8.4,0.635,0.36,2,0.089,15,3.31,0.57,10.4
7.7,0.43,0.25,2.6,0.073,29,3.37,0.58,10.5
8.9,0.59,0.5,2,0.337,27,3.04,1.61,9.5
9,0.82,0.14,2.6,0.089,9,3.39,0.63,9.8
7.7,0.43,0.25,2.6,0.073,29,3.37,0.58,10.5
6.9,0.52,0.25,2.6,0.081,10,3.46,0.5,11
5.2,0.48,0.04,1.6,0.054,19,3.54,0.62,12.2
8,0.38,0.06,1.8,0.078,12,3.37,0.52,9.9
8.5,0.37,0.2,2.8,0.09,18,3.34,0.7,9.6
6.9,0.52,0.25,2.6,0.081,10,3.46,0.5,11
8.2,1,0.09,2.3,0.065,7,3.32,0.55,9
7.2,0.63,0,1.9,0.097,14,3.37,0.58,9
7.2,0.63,0,1.9,0.097,14,3.37,0.58,9
7.2,0.645,0,1.9,0.097,15,3.37,0.58,9.2
7.2,0.63,0,1.9,0.097,14,3.37,0.58,9
8.2,1,0.09,2.3,0.065,7,3.32,0.55,9
8.9,0.635,0.37,1.7,0.263,5,3,1.09,9.3
12,0.38,0.56,2.1,0.093,6,3.14,0.71,10.9
7.7,0.58,0.1,1.8,0.102,28,3.08,0.49,9.8
15,0.21,0.44,2.2,0.075,10,3.07,0.84,9.2
15,0.21,0.44,2.2,0.075,10,3.07,0.84,9.2
7.3,0.66,0,2,0.084,6,3.61,0.96,9.9
7.1,0.68,0.07,1.9,0.075,16,3.38,0.52,9.5
8.2,0.6,0.17,2.3,0.072,11,3.2,0.45,9.3
7.7,0.53,0.06,1.7,0.074,9,3.35,0.48,9.8
7.3,0.66,0,2,0.084,6,3.61,0.96,9.9
10.8,0.32,0.44,1.6,0.063,16,3.22,0.78,10
7.1,0.6,0,1.8,0.074,16,3.47,0.7,9.9
11.1,0.35,0.48,3.1,0.09,5,3.17,0.53,10.5
7.7,0.775,0.42,1.9,0.092,8,3.23,0.59,9.5
7.1,0.6,0,1.8,0.074,16,3.47,0.7,9.9
8,0.57,0.23,3.2,0.073,17,3.26,0.57,9.3
9.4,0.34,0.37,2.2,0.075,5,3.22,0.62,9.2
6.6,0.695,0,2.1,0.075,12,3.49,0.67,9.2
7.7,0.41,0.76,1.8,0.611,8,3.06,1.26,9.4
10,0.31,0.47,2.6,0.085,14,3.36,0.8,10.5
7.9,0.33,0.23,1.7,0.077,18,3.29,0.65,9.3
7,0.975,0.04,2,0.087,12,3.35,0.6,9.4
8,0.52,0.03,1.7,0.07,10,3.34,0.57,10
7.9,0.37,0.23,1.8,0.077,23,3.28,0.67,9.3
12.5,0.56,0.49,2.4,0.064,5,3.08,0.87,10.9
11.8,0.26,0.52,1.8,0.071,6,3.2,0.72,10.2
8.1,0.87,0,3.3,0.096,26,3.6,0.72,9.8
7.9,0.35,0.46,3.6,0.078,15,3.35,0.86,12.8
6.9,0.54,0.04,3,0.077,7,3.69,0.91,9.4
11.5,0.18,0.51,4,0.104,4,3.28,0.97,10.1
7.9,0.545,0.06,4,0.087,27,3.36,0.67,10.7
11.5,0.18,0.51,4,0.104,4,3.28,0.97,10.1
10.9,0.37,0.58,4,0.071,17,3.22,0.78,10.1
8.4,0.715,0.2,2.4,0.076,10,3.31,0.64,9.4
7.5,0.65,0.18,7,0.088,27,3.38,0.77,9.4
7.9,0.545,0.06,4,0.087,27,3.36,0.67,10.7
6.9,0.54,0.04,3,0.077,7,3.69,0.91,9.4
11.5,0.18,0.51,4,0.104,4,3.28,0.97,10.1
10.3,0.32,0.45,6.4,0.073,5,3.23,0.82,12.6
8.9,0.4,0.32,5.6,0.087,10,3.38,0.77,10.5
11.4,0.26,0.44,3.6,0.071,6,3.12,0.82,9.3
7.7,0.27,0.68,3.5,0.358,5,3.25,1.08,9.9
7.6,0.52,0.12,3,0.067,12,3.36,0.57,9.1
8.9,0.4,0.32,5.6,0.087,10,3.38,0.77,10.5
9.9,0.59,0.07,3.4,0.102,32,3.31,0.71,9.8
9.9,0.59,0.07,3.4,0.102,32,3.31,0.71,9.8
12,0.45,0.55,2,0.073,25,3.1,0.76,10.3
7.5,0.4,0.12,3,0.092,29,3.37,0.7,10.3
8.7,0.52,0.09,2.5,0.091,20,3.34,0.86,10.6
11.6,0.42,0.53,3.3,0.105,33,3.2,0.95,9.2
8.7,0.52,0.09,2.5,0.091,20,3.34,0.86,10.6
11,0.2,0.48,2,0.343,6,3.3,0.71,10.5
10.4,0.55,0.23,2.7,0.091,18,3.22,0.64,10.3
6.9,0.36,0.25,2.4,0.098,5,3.41,0.6,10.1
13.3,0.34,0.52,3.2,0.094,17,3.05,0.81,9.5
10.8,0.5,0.46,2.5,0.073,5,3.05,0.64,9.5
10.6,0.83,0.37,2.6,0.086,26,3.16,0.52,9.9
7.1,0.63,0.06,2,0.083,8,3.67,0.73,9.6
7.2,0.65,0.02,2.3,0.094,5,3.67,0.8,9.7
6.9,0.67,0.06,2.1,0.08,8,3.68,0.71,9.6
7.5,0.53,0.06,2.6,0.086,20,3.38,0.59,10.7
11.1,0.18,0.48,1.5,0.068,7,3.22,0.64,10.1
8.3,0.705,0.12,2.6,0.092,12,3.51,0.72,10
7.4,0.67,0.12,1.6,0.186,5,3.39,0.54,9.5
8.4,0.65,0.6,2.1,0.112,12,3.2,0.52,9.2
10.3,0.53,0.48,2.5,0.063,6,3.12,0.59,9.3
7.6,0.62,0.32,2.2,0.082,7,3.36,0.52,9.4
10.3,0.41,0.42,2.4,0.213,6,3.19,0.62,9.5
10.3,0.43,0.44,2.4,0.214,5,3.19,0.63,9.5
7.4,0.29,0.38,1.7,0.062,9,3.41,0.53,9.5
10.3,0.53,0.48,2.5,0.063,6,3.12,0.59,9.3
7.9,0.53,0.24,2,0.072,15,3.27,0.54,9.4
9,0.46,0.31,2.8,0.093,19,3.32,0.63,9.5
8.6,0.47,0.3,3,0.076,30,3.3,0.53,9.4
7.4,0.36,0.29,2.6,0.087,26,3.39,0.68,11
7.1,0.35,0.29,2.5,0.096,20,3.42,0.65,11
9.6,0.56,0.23,3.4,0.102,37,3.3,0.65,10.1
9.6,0.77,0.12,2.9,0.082,30,3.3,0.64,10.4
9.8,0.66,0.39,3.2,0.083,21,3.37,0.71,11.5
9.6,0.77,0.12,2.9,0.082,30,3.3,0.64,10.4
9.8,0.66,0.39,3.2,0.083,21,3.37,0.71,11.5
9.3,0.61,0.26,3.4,0.09,25,3.24,0.62,9.7
7.8,0.62,0.05,2.3,0.079,6,3.29,0.63,9.3
10.3,0.59,0.42,2.8,0.09,35,3.28,0.7,9.5
10,0.49,0.2,11,0.071,13,3.16,0.69,9.2
10,0.49,0.2,11,0.071,13,3.16,0.69,9.2
11.6,0.53,0.66,3.65,0.121,6,3.05,0.74,11.5
10.3,0.44,0.5,4.5,0.107,5,3.28,0.83,11.5
13.4,0.27,0.62,2.6,0.082,6,3.16,0.67,9.7
10.7,0.46,0.39,2,0.061,7,3.18,0.62,9.5
10.2,0.36,0.64,2.9,0.122,10,3.23,0.66,12.5
10.2,0.36,0.64,2.9,0.122,10,3.23,0.66,12.5
8,0.58,0.28,3.2,0.066,21,3.22,0.54,9.4
8.4,0.56,0.08,2.1,0.105,16,3.13,0.52,11
7.9,0.65,0.01,2.5,0.078,17,3.34,0.74,11.7
11.9,0.695,0.53,3.4,0.128,7,3.17,0.84,12.2
8.9,0.43,0.45,1.9,0.052,6,3.35,0.7,12.5
7.8,0.43,0.32,2.8,0.08,29,3.31,0.64,10.3
12.4,0.49,0.58,3,0.103,28,3.16,1,11.5
12.5,0.28,0.54,2.3,0.082,12,3.11,1.36,9.8
12.2,0.34,0.5,2.4,0.066,10,3.12,1.18,9.2
10.6,0.42,0.48,2.7,0.065,5,3.21,0.87,11.3
10.9,0.39,0.47,1.8,0.118,6,3.3,0.75,9.8
10.9,0.39,0.47,1.8,0.118,6,3.3,0.75,9.8
11.9,0.57,0.5,2.6,0.082,6,3.12,0.78,10.7
7,0.685,0,1.9,0.067,40,3.6,0.81,9.9
6.6,0.815,0.02,2.7,0.072,17,3.58,0.89,12.3
13.8,0.49,0.67,3,0.093,6,3.02,0.93,12
9.6,0.56,0.31,2.8,0.089,15,3.11,0.92,10
9.1,0.785,0,2.6,0.093,11,3.36,0.86,9.4
10.7,0.67,0.22,2.7,0.107,17,3.28,0.98,9.9
9.1,0.795,0,2.6,0.096,11,3.35,0.83,9.4
7.7,0.665,0,2.4,0.09,8,3.27,0.73,9.3
13.5,0.53,0.79,4.8,0.12,23,3.18,0.77,13
6.1,0.21,0.4,1.4,0.066,40.5,3.25,0.59,11.9
6.7,0.75,0.01,2.4,0.078,17,3.55,0.61,12.8
11.5,0.41,0.52,3,0.08,29,3.26,0.88,11
10.5,0.42,0.66,2.95,0.116,12,3.24,0.75,11.7
11.9,0.43,0.66,3.1,0.109,10,3.15,0.85,10.4
12.6,0.38,0.66,2.6,0.088,10,3.17,0.68,9.8
8.2,0.7,0.23,2,0.099,14,3.19,0.7,9.4
8.6,0.45,0.31,2.6,0.086,21,3.37,0.91,9.9
11.9,0.58,0.66,2.5,0.072,6,3.05,0.56,10
12.5,0.46,0.63,2,0.071,6,2.99,0.87,10.2
12.8,0.615,0.66,5.8,0.083,7,3.07,0.73,10
10,0.42,0.5,3.4,0.107,7,3.26,0.93,11.8
12.8,0.615,0.66,5.8,0.083,7,3.07,0.73,10
10.4,0.575,0.61,2.6,0.076,11,3.16,0.69,9
10.3,0.34,0.52,2.8,0.159,15,3.18,0.64,9.4
9.4,0.27,0.53,2.4,0.074,6,3.2,1.13,12
6.9,0.765,0.02,2.3,0.063,35,3.57,0.78,9.9
7.9,0.24,0.4,1.6,0.056,11,3.32,0.87,8.7
9.1,0.28,0.48,1.8,0.067,26,3.32,1.04,10.6
7.4,0.55,0.22,2.2,0.106,12,3.05,0.63,9.2
14,0.41,0.63,3.8,0.089,6,3.01,0.81,10.8
11.5,0.54,0.71,4.4,0.124,6,3.01,0.83,11.8
11.5,0.45,0.5,3,0.078,19,3.26,1.11,11
9.4,0.27,0.53,2.4,0.074,6,3.2,1.13,12
11.4,0.625,0.66,6.2,0.088,6,3.11,0.99,13.3
8.3,0.42,0.38,2.5,0.094,24,3.31,0.7,10.8
8.3,0.26,0.42,2,0.08,11,3.21,0.8,9.4
13.7,0.415,0.68,2.9,0.085,17,3.06,0.8,10
8.3,0.26,0.42,2,0.08,11,3.21,0.8,9.4
8.3,0.26,0.42,2,0.08,11,3.21,0.8,9.4
7.7,0.51,0.28,2.1,0.087,23,3.42,0.74,9.2
7.4,0.63,0.07,2.4,0.09,11,3.43,0.76,9.7
7.8,0.54,0.26,2,0.088,23,3.41,0.74,9.2
8.3,0.66,0.15,1.9,0.079,17,3.31,0.54,9.6
7.8,0.46,0.26,1.9,0.088,23,3.43,0.74,9.2
9.6,0.38,0.31,2.5,0.096,16,3.19,0.7,10
5.6,0.85,0.05,1.4,0.045,12,3.56,0.82,12.9
13.7,0.415,0.68,2.9,0.085,17,3.06,0.8,10
9.5,0.37,0.52,2,0.082,6,3.18,0.51,9.5
8.4,0.665,0.61,2,0.112,13,3.16,0.54,9.1
12.7,0.6,0.65,2.3,0.063,6,3.03,0.57,9.9
12,0.37,0.76,4.2,0.066,7,3.22,0.6,13
6.6,0.735,0.02,7.9,0.122,68,3.47,0.53,9.9
11.5,0.59,0.59,2.6,0.087,13,3.18,0.65,11
11.5,0.59,0.59,2.6,0.087,13,3.18,0.65,11
8.7,0.765,0.22,2.3,0.064,9,3.1,0.55,9.4
6.6,0.735,0.02,7.9,0.122,68,3.47,0.53,9.9
7.7,0.26,0.3,1.7,0.059,20,3.29,0.47,10.8
12.2,0.48,0.54,2.6,0.085,19,3.1,0.61,10.5
11.4,0.6,0.49,2.7,0.085,10,3.15,0.63,10.5
7.7,0.69,0.05,2.7,0.075,15,3.26,0.61,9.1
8.7,0.31,0.46,1.4,0.059,11,3.36,0.76,10.1
9.8,0.44,0.47,2.5,0.063,9,3.24,0.65,10.8
12,0.39,0.66,3,0.093,12,3.18,0.63,10.8
10.4,0.34,0.58,3.7,0.174,6,3.19,0.7,11.3
12.5,0.46,0.49,4.5,0.07,26,3.05,0.57,9.6
9,0.43,0.34,2.5,0.08,26,3.38,0.62,9.5
9.1,0.45,0.35,2.4,0.08,23,3.38,0.62,9.5
7.1,0.735,0.16,1.9,0.1,15,3.27,0.64,9.3
9.9,0.4,0.53,6.7,0.097,6,3.27,0.82,11.7
8.8,0.52,0.34,2.7,0.087,24,3.26,0.61,9.5
8.6,0.725,0.24,6.6,0.117,31,3.32,1.07,9.3
10.6,0.48,0.64,2.2,0.111,6,3.26,0.66,11.7
7,0.58,0.12,1.9,0.091,34,3.44,0.48,10.5
11.9,0.38,0.51,2,0.121,7,3.24,0.76,10.4
6.8,0.77,0,1.8,0.066,34,3.62,0.68,9.9
9.5,0.56,0.33,2.4,0.089,35,3.28,0.73,11.8
6.6,0.84,0.03,2.3,0.059,32,3.52,0.56,12.3
7.7,0.96,0.2,2,0.047,15,3.36,0.44,10.9
10.5,0.24,0.47,2.1,0.066,6,3.15,0.9,11
7.7,0.96,0.2,2,0.047,15,3.36,0.44,10.9
6.6,0.84,0.03,2.3,0.059,32,3.52,0.56,12.3
6.4,0.67,0.08,2.1,0.045,19,3.49,0.49,11.4
9.5,0.78,0.22,1.9,0.077,6,3.26,0.56,10.6
9.1,0.52,0.33,1.3,0.07,9,3.24,0.6,9.3
12.8,0.84,0.63,2.4,0.088,13,3.1,0.6,10.4
10.5,0.24,0.47,2.1,0.066,6,3.15,0.9,11
7.8,0.55,0.35,2.2,0.074,21,3.25,0.56,9.2
11.9,0.37,0.69,2.3,0.078,12,3,0.65,12.8
12.3,0.39,0.63,2.3,0.091,6,3.16,0.49,9.5
10.4,0.41,0.55,3.2,0.076,22,3.15,0.89,9.9
12.3,0.39,0.63,2.3,0.091,6,3.16,0.49,9.5
8,0.67,0.3,2,0.06,38,3.26,0.56,10.2
11.1,0.45,0.73,3.2,0.066,6,3.17,0.66,11.2
10.4,0.41,0.55,3.2,0.076,22,3.15,0.89,9.9
7,0.62,0.18,1.5,0.062,7,3.08,0.6,9.3
12.6,0.31,0.72,2.2,0.072,6,2.88,0.82,9.8
11.9,0.4,0.65,2.15,0.068,7,3.06,0.68,11.3
15.6,0.685,0.76,3.7,0.1,6,2.95,0.68,11.2
10,0.44,0.49,2.7,0.077,11,3.23,0.63,11.6
5.3,0.57,0.01,1.7,0.054,5,3.57,0.84,12.5
9.5,0.735,0.1,2.1,0.079,6,3.23,0.56,10.1
12.5,0.38,0.6,2.6,0.081,31,3.1,0.73,10.5
9.3,0.48,0.29,2.1,0.127,6,3.22,0.72,11.2
8.6,0.53,0.22,2,0.1,7,3.2,0.56,10.2
11.9,0.39,0.69,2.8,0.095,17,3.1,0.61,10.8
11.9,0.39,0.69,2.8,0.095,17,3.1,0.61,10.8
8.4,0.37,0.53,1.8,0.413,9,3.06,1.06,9.1
6.8,0.56,0.03,1.7,0.084,18,3.44,0.63,10
10.4,0.33,0.63,2.8,0.084,5,3.26,0.74,11.2
7,0.23,0.4,1.6,0.063,21,3.5,0.63,11.1
11.3,0.62,0.67,5.2,0.086,6,3.22,0.69,13.4
8.9,0.59,0.39,2.3,0.095,5,3.37,0.58,10.3
9.2,0.63,0.21,2.7,0.097,29,3.28,0.58,9.6
10.4,0.33,0.63,2.8,0.084,5,3.26,0.74,11.2
11.6,0.58,0.66,2.2,0.074,10,3.25,0.57,9
9.2,0.43,0.52,2.3,0.083,14,3.35,0.61,11.3
8.3,0.615,0.22,2.6,0.087,6,3.26,0.61,9.3
11,0.26,0.68,2.55,0.085,10,3.18,0.61,11.8
8.1,0.66,0.7,2.2,0.098,25,3.08,0.53,9
11.5,0.315,0.54,2.1,0.084,5,2.98,0.7,9.2
10,0.29,0.4,2.9,0.098,10,3.48,0.91,9.7
10.3,0.5,0.42,2,0.069,21,3.16,0.72,11.5
8.8,0.46,0.45,2.6,0.065,7,3.32,0.79,14
11.4,0.36,0.69,2.1,0.09,6,3.17,0.62,9.2
8.7,0.82,0.02,1.2,0.07,36,3.2,0.58,9.8
13,0.32,0.65,2.6,0.093,15,3.05,0.61,10.6
9.6,0.54,0.42,2.4,0.081,25,3.2,0.71,11.4
12.5,0.37,0.55,2.6,0.083,25,3.15,0.82,10.4
9.9,0.35,0.55,2.1,0.062,5,3.26,0.79,10.6
10.5,0.28,0.51,1.7,0.08,10,3.2,0.89,9.4
9.6,0.68,0.24,2.2,0.087,5,3.14,0.6,10.2
9.3,0.27,0.41,2,0.091,6,3.28,0.7,9.7
10.4,0.24,0.49,1.8,0.075,6,3.18,1.06,11
9.6,0.68,0.24,2.2,0.087,5,3.14,0.6,10.2
9.4,0.685,0.11,2.7,0.077,6,3.19,0.7,10.1
10.6,0.28,0.39,15.5,0.069,6,3.12,0.66,9.2
9.4,0.3,0.56,2.8,0.08,6,3.15,0.92,11.7
10.6,0.36,0.59,2.2,0.152,6,3.04,1.05,9.4
10.6,0.36,0.6,2.2,0.152,7,3.04,1.06,9.4
10.6,0.44,0.68,4.1,0.114,6,3.06,0.66,13.4
10.2,0.67,0.39,1.9,0.054,6,3.17,0.47,10
10.2,0.67,0.39,1.9,0.054,6,3.17,0.47,10
10.2,0.645,0.36,1.8,0.053,5,3.17,0.42,10
11.6,0.32,0.55,2.8,0.081,35,3.32,0.92,10.8
9.3,0.39,0.4,2.6,0.073,10,3.34,0.75,10.2
9.3,0.775,0.27,2.8,0.078,24,3.31,0.67,10.6
9.2,0.41,0.5,2.5,0.055,12,3.34,0.79,13.3
8.9,0.4,0.51,2.6,0.052,13,3.32,0.9,13.4
8.7,0.69,0.31,3,0.086,23,3.48,0.74,11.6
6.5,0.39,0.23,8.3,0.051,28,3.44,0.55,12.1
10.7,0.35,0.53,2.6,0.07,5,3.15,0.65,11
7.8,0.52,0.25,1.9,0.081,14,3.43,0.65,9
7.2,0.34,0.32,2.5,0.09,43,3.32,0.79,11.1
10.7,0.35,0.53,2.6,0.07,5,3.15,0.65,11
8.7,0.69,0.31,3,0.086,23,3.48,0.74,11.6
7.8,0.52,0.25,1.9,0.081,14,3.43,0.65,9
10.4,0.44,0.73,6.55,0.074,38,3.17,0.85,12
10.4,0.44,0.73,6.55,0.074,38,3.17,0.85,12
10.5,0.26,0.47,1.9,0.078,6,3.18,1.04,10.9
10.5,0.24,0.42,1.8,0.077,6,3.21,1.05,10.8
10.2,0.49,0.63,2.9,0.072,10,3.16,0.78,12.5
10.4,0.24,0.46,1.8,0.075,6,3.25,1.02,10.8
11.2,0.67,0.55,2.3,0.084,6,3.17,0.71,9.5
10,0.59,0.31,2.2,0.09,26,3.18,0.63,10.2
13.3,0.29,0.75,2.8,0.084,23,3.04,0.68,11.4
12.4,0.42,0.49,4.6,0.073,19,3.02,0.61,9.5
10,0.59,0.31,2.2,0.09,26,3.18,0.63,10.2
10.7,0.4,0.48,2.1,0.125,15,3.03,0.81,9.7
10.5,0.51,0.64,2.4,0.107,6,3.09,0.66,11.8
10.5,0.51,0.64,2.4,0.107,6,3.09,0.66,11.8
8.5,0.655,0.49,6.1,0.122,34,3.31,1.14,9.3
12.5,0.6,0.49,4.3,0.1,5,3.25,0.74,11.9
10.4,0.61,0.49,2.1,0.2,5,3.16,0.63,8.4
10.9,0.21,0.49,2.8,0.088,11,3.22,0.68,11.7
7.3,0.365,0.49,2.5,0.088,39,3.36,0.78,11
9.8,0.25,0.49,2.7,0.088,15,3.42,0.9,10
7.6,0.41,0.49,2,0.088,16,3.48,0.64,9.1
8.2,0.39,0.49,2.3,0.099,47,3.38,0.99,9.8
9.3,0.4,0.49,2.5,0.085,38,3.22,0.55,9.4
9.2,0.43,0.49,2.4,0.086,23,3.23,0.64,9.5
10.4,0.64,0.24,2.8,0.105,29,3.24,0.67,9.9
7.3,0.365,0.49,2.5,0.088,39,3.36,0.78,11
7,0.38,0.49,2.5,0.097,33,3.39,0.77,11.4
8.2,0.42,0.49,2.6,0.084,32,3.34,0.75,8.7
9.9,0.63,0.24,2.4,0.077,6,3.09,0.57,9.4
9.1,0.22,0.24,2.1,0.078,1,3.41,0.87,10.3
11.9,0.38,0.49,2.7,0.098,12,3.16,0.61,10.3
11.9,0.38,0.49,2.7,0.098,12,3.16,0.61,10.3
10.3,0.27,0.24,2.1,0.072,15,3.22,0.66,12.8
10,0.48,0.24,2.7,0.102,13,3.28,0.56,10
9.1,0.22,0.24,2.1,0.078,1,3.41,0.87,10.3
9.9,0.63,0.24,2.4,0.077,6,3.09,0.57,9.4
8.1,0.825,0.24,2.1,0.084,5,3.37,0.77,10.7
12.9,0.35,0.49,5.8,0.066,5,3.2,0.66,12
11.2,0.5,0.74,5.15,0.1,5,3.22,0.62,11.2
9.2,0.59,0.24,3.3,0.101,20,3.26,0.67,9.6
9.5,0.46,0.49,6.3,0.064,5,3.21,0.73,11
9.3,0.715,0.24,2.1,0.07,5,3.12,0.59,9.9
11.2,0.66,0.24,2.5,0.085,16,3.06,0.72,11
14.3,0.31,0.74,1.8,0.075,6,2.86,0.79,8.4
9.1,0.47,0.49,2.6,0.094,38,3.08,0.59,9.1
7.5,0.55,0.24,2,0.078,10,3.45,0.78,9.5
10.6,0.31,0.49,2.5,0.067,6,3.26,0.86,10.7
12.4,0.35,0.49,2.6,0.079,27,3.12,0.75,10.4
9,0.53,0.49,1.9,0.171,6,3.27,0.61,9.4
6.8,0.51,0.01,2.1,0.074,9,3.33,0.56,9.5
9.4,0.43,0.24,2.8,0.092,14,3.19,0.73,10
9.5,0.46,0.24,2.7,0.092,14,3.12,0.74,10
5,1.04,0.24,1.6,0.05,32,3.74,0.62,11.5
15.5,0.645,0.49,4.2,0.095,10,2.92,0.74,11.1
15.5,0.645,0.49,4.2,0.095,10,2.92,0.74,11.1
10.9,0.53,0.49,4.6,0.118,10,3.07,0.56,11.7
15.6,0.645,0.49,4.2,0.095,10,2.92,0.74,11.1
10.9,0.53,0.49,4.6,0.118,10,3.07,0.56,11.7
13,0.47,0.49,4.3,0.085,6,3.3,0.68,12.7
12.7,0.6,0.49,2.8,0.075,5,3.14,0.57,11.4
9,0.44,0.49,2.4,0.078,26,3.23,0.58,9.2
9,0.54,0.49,2.9,0.094,41,3.08,0.61,9.2
7.6,0.29,0.49,2.7,0.092,25,3.31,0.61,10.1
13,0.47,0.49,4.3,0.085,6,3.3,0.68,12.7
12.7,0.6,0.49,2.8,0.075,5,3.14,0.57,11.4
8.7,0.7,0.24,2.5,0.226,5,3.32,0.6,9
8.7,0.7,0.24,2.5,0.226,5,3.32,0.6,9
9.8,0.5,0.49,2.6,0.25,5,3.31,0.79,10.7
6.2,0.36,0.24,2.2,0.095,19,3.57,0.57,11.7
11.5,0.35,0.49,3.3,0.07,10,3.32,0.91,11
6.2,0.36,0.24,2.2,0.095,19,3.57,0.57,11.7
10.2,0.24,0.49,2.4,0.075,10,3.14,0.61,10.4
10.5,0.59,0.49,2.1,0.07,14,3.3,0.56,9.6
10.6,0.34,0.49,3.2,0.078,20,3.19,0.7,10
12.3,0.27,0.49,3.1,0.079,28,3.2,0.8,10.2
9.9,0.5,0.24,2.3,0.103,6,3.34,0.52,10
8.8,0.44,0.49,2.8,0.083,18,3.3,0.6,9.5
8.8,0.47,0.49,2.9,0.085,17,3.29,0.6,9.8
10.6,0.31,0.49,2.2,0.063,18,3.14,0.51,9.8
12.3,0.5,0.49,2.2,0.089,5,3.19,0.44,9.6
12.3,0.5,0.49,2.2,0.089,5,3.19,0.44,9.6
11.7,0.49,0.49,2.2,0.083,5,3.19,0.43,9.2
12,0.28,0.49,1.9,0.074,10,2.98,0.66,9.9
11.8,0.33,0.49,3.4,0.093,54,3.3,0.76,10.7
7.6,0.51,0.24,2.4,0.091,8,3.47,0.66,9.6
11.1,0.31,0.49,2.7,0.094,16,3.12,1.02,10.6
7.3,0.73,0.24,1.9,0.108,18,3.26,0.59,9.3
5,0.42,0.24,2,0.06,19,3.72,0.74,14
10.2,0.29,0.49,2.6,0.059,5,3.05,0.74,10.5
9,0.45,0.49,2.6,0.084,21,3.35,0.57,9.7
6.6,0.39,0.49,1.7,0.07,23,3.12,0.5,11.5
9,0.45,0.49,2.6,0.084,21,3.35,0.57,9.7
9.9,0.49,0.58,3.5,0.094,9,3.29,0.58,9
7.9,0.72,0.17,2.6,0.096,20,3.4,0.53,9.5
8.9,0.595,0.41,7.9,0.086,30,3.27,0.57,9.3
12.4,0.4,0.51,2,0.059,6,3.04,0.6,9.3
11.9,0.58,0.58,1.9,0.071,5,3.09,0.63,10
8.5,0.585,0.18,2.1,0.078,5,3.2,0.48,9.8
12.7,0.59,0.45,2.3,0.082,11,3,0.7,9.3
8.2,0.915,0.27,2.1,0.088,7,3.26,0.47,10
13.2,0.46,0.52,2.2,0.071,12,3.1,0.56,9
7.7,0.835,0,2.6,0.081,6,3.3,0.52,9.3
13.2,0.46,0.52,2.2,0.071,12,3.1,0.56,9
8.3,0.58,0.13,2.9,0.096,14,3.17,0.62,9.1
8.3,0.6,0.13,2.6,0.085,6,3.31,0.59,9.2
9.4,0.41,0.48,4.6,0.072,10,3.34,0.79,12.2
8.8,0.48,0.41,3.3,0.092,26,3.31,0.53,10.5
10.1,0.65,0.37,5.1,0.11,11,3.32,0.64,10.4
6.3,0.36,0.19,3.2,0.075,15,3.56,0.52,12.7
8.8,0.24,0.54,2.5,0.083,25,3.39,0.54,9.2
13.2,0.38,0.55,2.7,0.081,5,2.98,0.54,9.4
7.5,0.64,0,2.4,0.077,18,3.32,0.6,10
8.2,0.39,0.38,1.5,0.058,10,3.26,0.74,9.8
9.2,0.755,0.18,2.2,0.148,10,2.87,1.36,10.2
9.6,0.6,0.5,2.3,0.079,28,3.5,0.57,9.7
9.6,0.6,0.5,2.3,0.079,28,3.5,0.57,9.7
11.5,0.31,0.51,2.2,0.079,14,3.03,0.93,9.8
11.4,0.46,0.5,2.7,0.122,4,3.13,0.7,10.2
11.3,0.37,0.41,2.3,0.088,6,3.09,0.8,9.3
8.3,0.54,0.24,3.4,0.076,16,3.27,0.61,9.4
8.2,0.56,0.23,3.4,0.078,14,3.28,0.62,9.4
10,0.58,0.22,1.9,0.08,9,3.13,0.55,9.5
7.9,0.51,0.25,2.9,0.077,21,3.49,0.96,12.1
6.8,0.69,0,5.6,0.124,21,3.46,0.72,10.2
6.8,0.69,0,5.6,0.124,21,3.46,0.72,10.2
8.8,0.6,0.29,2.2,0.098,5,3.36,0.49,9.1
8.8,0.6,0.29,2.2,0.098,5,3.36,0.49,9.1
8.7,0.54,0.26,2.5,0.097,7,3.27,0.6,9.3
7.6,0.685,0.23,2.3,0.111,20,3.21,0.61,9.3
8.7,0.54,0.26,2.5,0.097,7,3.27,0.6,9.3
10.4,0.28,0.54,2.7,0.105,5,3.25,0.63,9.5
7.6,0.41,0.14,3,0.087,21,3.32,0.57,10.5
10.1,0.935,0.22,3.4,0.105,11,3.43,0.64,11.3
7.9,0.35,0.21,1.9,0.073,46,3.27,0.58,9.5
8.7,0.84,0,1.4,0.065,24,3.27,0.55,9.7
9.6,0.88,0.28,2.4,0.086,30,3.24,0.53,9.4
9.5,0.885,0.27,2.3,0.084,31,3.24,0.53,9.4
7.7,0.915,0.12,2.2,0.143,7,3.35,0.65,10.2
8.9,0.29,0.35,1.9,0.067,25,3.18,1.36,10.3
9.9,0.54,0.45,2.3,0.071,16,3.39,0.62,9.4
9.5,0.59,0.44,2.3,0.071,21,3.46,0.63,9.5
9.9,0.54,0.45,2.3,0.071,16,3.39,0.62,9.4
9.5,0.59,0.44,2.3,0.071,21,3.46,0.63,9.5
9.9,0.54,0.45,2.3,0.071,16,3.39,0.62,9.4
7.8,0.64,0.1,6,0.115,5,3.37,0.69,10.1
7.3,0.67,0.05,3.6,0.107,6,3.4,0.63,10.1
8.3,0.845,0.01,2.2,0.07,5,3.32,0.58,11
8.7,0.48,0.3,2.8,0.066,10,3.33,0.67,11.2
6.7,0.42,0.27,8.6,0.068,24,3.16,0.57,11.3
10.7,0.43,0.39,2.2,0.106,8,2.89,0.5,9.6
9.8,0.88,0.25,2.5,0.104,35,3.41,0.67,11.2
15.9,0.36,0.65,7.5,0.096,22,2.98,0.84,14.9
9.4,0.33,0.59,2.8,0.079,9,3.12,0.54,12
8.6,0.47,0.47,2.4,0.074,7,3.08,0.46,9.5
9.7,0.55,0.17,2.9,0.087,20,3.14,0.61,9.4
10.7,0.43,0.39,2.2,0.106,8,2.89,0.5,9.6
12,0.5,0.59,1.4,0.073,23,2.92,0.68,10.5
7.2,0.52,0.07,1.4,0.074,5,3.32,0.81,9.6
7.1,0.84,0.02,4.4,0.096,5,3.41,0.57,11
7.2,0.52,0.07,1.4,0.074,5,3.32,0.81,9.6
7.5,0.42,0.31,1.6,0.08,15,3.31,0.64,9
7.2,0.57,0.06,1.6,0.076,9,3.36,0.7,9.6
10.1,0.28,0.46,1.8,0.05,5,3.04,0.79,10.2
12.1,0.4,0.52,2,0.092,15,3.03,0.66,10.2
9.4,0.59,0.14,2,0.084,25,3.14,0.56,9.7
8.3,0.49,0.36,1.8,0.222,6,3.18,0.6,9.5
11.3,0.34,0.45,2,0.082,6,2.94,0.66,9.2
10,0.73,0.43,2.3,0.059,15,3.15,0.57,11
11.3,0.34,0.45,2,0.082,6,2.94,0.66,9.2
6.9,0.4,0.24,2.5,0.083,30,3.26,0.58,10
8.2,0.73,0.21,1.7,0.074,5,3.2,0.52,9.5
9.8,1.24,0.34,2,0.079,32,3.15,0.53,9.5
8.2,0.73,0.21,1.7,0.074,5,3.2,0.52,9.5
10.8,0.4,0.41,2.2,0.084,7,3.08,0.67,9.3
9.3,0.41,0.39,2.2,0.064,12,3.26,0.65,10.2
10.8,0.4,0.41,2.2,0.084,7,3.08,0.67,9.3
8.6,0.8,0.11,2.3,0.084,12,3.4,0.48,9.9
8.3,0.78,0.1,2.6,0.081,45,3.48,0.53,10
10.8,0.26,0.45,3.3,0.06,20,3.13,0.54,9.6
13.3,0.43,0.58,1.9,0.07,15,3.06,0.49,9
8,0.45,0.23,2.2,0.094,16,3.21,0.49,10.2
8.5,0.46,0.31,2.25,0.078,32,3.33,0.54,9.8
8.1,0.78,0.23,2.6,0.059,5,3.37,0.56,11.3
9.8,0.98,0.32,2.3,0.078,35,3.25,0.48,9.4
8.1,0.78,0.23,2.6,0.059,5,3.37,0.56,11.3
7.1,0.65,0.18,1.8,0.07,13,3.44,0.6,9.1
9.1,0.64,0.23,3.1,0.095,13,3.28,0.59,9.7
7.7,0.66,0.04,1.6,0.039,4,3.4,0.47,9.4
8.1,0.38,0.48,1.8,0.157,5,3.3,1.05,9.4
7.4,1.185,0,4.25,0.097,5,3.63,0.54,10.7
9.2,0.92,0.24,2.6,0.087,12,3.48,0.54,9.8
8.6,0.49,0.51,2,0.422,16,3.03,1.17,9
9,0.48,0.32,2.8,0.084,21,3.32,0.62,9.4
9,0.47,0.31,2.7,0.084,24,3.31,0.61,9.4
5.1,0.47,0.02,1.3,0.034,18,3.9,0.62,12.8
7,0.65,0.02,2.1,0.066,8,3.47,0.67,9.5
7,0.65,0.02,2.1,0.066,8,3.47,0.67,9.5
9.4,0.615,0.28,3.2,0.087,18,3.31,0.53,9.7
11.8,0.38,0.55,2.1,0.071,5,3.11,0.62,10.8
10.6,1.02,0.43,2.9,0.076,26,3.08,0.57,10.1
7,0.65,0.02,2.1,0.066,8,3.47,0.67,9.5
7,0.64,0.02,2.1,0.067,9,3.47,0.67,9.4
7.5,0.38,0.48,2.6,0.073,22,3.32,0.7,9.6
9.1,0.765,0.04,1.6,0.078,4,3.29,0.54,9.7
8.4,1.035,0.15,6,0.073,11,3.37,0.49,9.9
7,0.78,0.08,2,0.093,10,3.4,0.47,10
7.4,0.49,0.19,3,0.077,16,3.37,0.51,10.5
7.8,0.545,0.12,2.5,0.068,11,3.34,0.61,11.6
9.7,0.31,0.47,1.6,0.062,13,3.27,0.66,10
10.6,1.025,0.43,2.8,0.08,21,3.06,0.57,10.1
8.9,0.565,0.34,3,0.093,16,3.38,0.61,9.5
8.7,0.69,0,3.2,0.084,13,3.36,0.45,9.4
8,0.43,0.36,2.3,0.075,10,3.34,0.46,9.4
9.9,0.74,0.28,2.6,0.078,21,3.28,0.51,9.8
7.2,0.49,0.18,2.7,0.069,13,3.29,0.48,9.2
8,0.43,0.36,2.3,0.075,10,3.34,0.46,9.4
7.6,0.46,0.11,2.6,0.079,12,3.21,0.57,10
8.4,0.56,0.04,2,0.082,10,3.22,0.44,9.6
7.1,0.66,0,3.9,0.086,17,3.46,0.54,9.5
8.4,0.56,0.04,2,0.082,10,3.22,0.44,9.6
8.9,0.48,0.24,2.85,0.094,35,3.1,0.53,9.2
7.6,0.42,0.08,2.7,0.084,15,3.21,0.59,10
7.1,0.31,0.3,2.2,0.053,36,2.94,1.62,9.5
7.5,1.115,0.1,3.1,0.086,5,3.54,0.6,11.2
9,0.66,0.17,3,0.077,5,3.29,0.55,10.4
8.1,0.72,0.09,2.8,0.084,18,3.43,0.72,11.1
6.4,0.57,0.02,1.8,0.067,4,3.46,0.68,9.5
6.4,0.57,0.02,1.8,0.067,4,3.46,0.68,9.5
6.4,0.865,0.03,3.2,0.071,27,3.61,0.49,12.7
9.5,0.55,0.66,2.3,0.387,12,3.17,0.67,9.6
8.9,0.875,0.13,3.45,0.088,4,3.44,0.52,11.5
7.3,0.835,0.03,2.1,0.092,10,3.39,0.47,9.6
7,0.45,0.34,2.7,0.082,16,3.55,0.6,9.5
7.7,0.56,0.2,2,0.075,9,3.48,0.62,9.3
7.7,0.965,0.1,2.1,0.112,11,3.26,0.5,9.5
7.7,0.965,0.1,2.1,0.112,11,3.26,0.5,9.5
8.2,0.59,0,2.5,0.093,19,3.5,0.65,9.3
9,0.46,0.23,2.8,0.092,28,3.1,0.56,9.2
9,0.69,0,2.4,0.088,19,3.35,0.6,9.3
8.3,0.76,0.29,4.2,0.075,12,3.45,0.68,11.5
9.2,0.53,0.24,2.6,0.078,28,3.21,0.57,9.5
6.5,0.615,0,1.9,0.065,9,3.46,0.65,9.2
11.6,0.41,0.58,2.8,0.096,25,3.13,0.53,10
11.1,0.39,0.54,2.7,0.095,21,3.13,0.51,9.5
7.3,0.51,0.18,2.1,0.07,12,3.52,0.73,9.5
8.2,0.34,0.38,2.5,0.08,12,3.3,0.47,9
8.6,0.33,0.4,2.6,0.083,16,3.3,0.48,9.4
7.2,0.5,0.18,2.1,0.071,12,3.52,0.72,9.6
7.3,0.51,0.18,2.1,0.07,12,3.52,0.73,9.5
8.3,0.65,0.1,2.9,0.089,17,3.29,0.55,9.5
8.3,0.65,0.1,2.9,0.089,17,3.29,0.55,9.5
7.6,0.54,0.13,2.5,0.097,24,3.39,0.61,9.4
8.3,0.65,0.1,2.9,0.089,17,3.29,0.55,9.5
7.8,0.48,0.68,1.7,0.415,14,3.09,1.06,9.1
7.8,0.91,0.07,1.9,0.058,22,3.51,0.43,10.7
6.3,0.98,0.01,2,0.057,15,3.6,0.46,11.2
8.1,0.87,0,2.2,0.084,10,3.25,0.5,9.8
8.1,0.87,0,2.2,0.084,10,3.25,0.5,9.8
8.8,0.42,0.21,2.5,0.092,33,3.19,0.52,9.2
9,0.58,0.25,2.8,0.075,9,3.23,0.57,9.7
9.3,0.655,0.26,2,0.096,5,3.25,0.42,9.6
8.8,0.7,0,1.7,0.069,8,3.31,0.53,10
9.3,0.655,0.26,2,0.096,5,3.25,0.42,9.6
9.1,0.68,0.11,2.8,0.093,11,3.31,0.55,9.5
9.2,0.67,0.1,3,0.091,12,3.31,0.54,9.5
8.8,0.59,0.18,2.9,0.089,12,3.14,0.54,9.4
7.5,0.6,0.32,2.7,0.103,13,3.45,0.62,9.5
7.1,0.59,0.02,2.3,0.082,24,3.55,0.53,9.7
7.9,0.72,0.01,1.9,0.076,7,3.39,0.54,9.6
7.1,0.59,0.02,2.3,0.082,24,3.55,0.53,9.7
9.4,0.685,0.26,2.4,0.082,23,3.28,0.55,9.4
9.5,0.57,0.27,2.3,0.082,23,3.27,0.55,9.4
7.9,0.4,0.29,1.8,0.157,1,3.3,0.92,9.5
7.9,0.4,0.3,1.8,0.157,2,3.31,0.91,9.5
7.2,1,0,3,0.102,7,3.43,0.46,10
6.9,0.765,0.18,2.4,0.243,5.5,3.4,0.6,10.3
6.9,0.635,0.17,2.4,0.241,6,3.4,0.59,10.3
8.3,0.43,0.3,3.4,0.079,7,3.36,0.61,10.5
7.1,0.52,0.03,2.6,0.076,21,3.5,0.6,9.8
7,0.57,0,2,0.19,12,3.31,0.6,9.4
6.5,0.46,0.14,2.4,0.114,9,3.66,0.65,9.8
9,0.82,0.05,2.4,0.081,26,3.36,0.53,10
6.5,0.46,0.14,2.4,0.114,9,3.66,0.65,9.8
7.1,0.59,0.01,2.5,0.077,20,3.55,0.59,9.8
9.9,0.35,0.41,2.3,0.083,11,3.21,0.5,9.5
9.9,0.35,0.41,2.3,0.083,11,3.21,0.5,9.5
10,0.56,0.24,2.2,0.079,19,3.18,0.56,10.1
10,0.56,0.24,2.2,0.079,19,3.18,0.56,10.1
8.6,0.63,0.17,2.9,0.099,21,3.09,0.52,9.3
7.4,0.37,0.43,2.6,0.082,18,3.33,0.68,9.7
8.8,0.64,0.17,2.9,0.084,25,3.23,0.54,9.6
7.1,0.61,0.02,2.5,0.081,17,3.48,0.6,9.7
7.7,0.6,0,2.6,0.055,7,3.38,0.56,10.8
10.1,0.27,0.54,2.3,0.065,7,3.17,0.53,12.5
10.8,0.89,0.3,2.6,0.132,7,2.99,1.18,10.2
8.7,0.46,0.31,2.5,0.126,24,3.1,0.74,9.6
9.3,0.37,0.44,1.6,0.038,21,3.24,0.81,10.8
9.4,0.5,0.34,3.6,0.082,5,3.29,0.52,10.7
9.4,0.5,0.34,3.6,0.082,5,3.29,0.52,10.7
7.2,0.61,0.08,4,0.082,26,3.25,0.51,9.4
8.6,0.55,0.09,3.3,0.068,8,3.23,0.44,10
5.1,0.585,0,1.7,0.044,14,3.56,0.94,12.9
7.7,0.56,0.08,2.5,0.114,14,3.24,0.66,9.6
8.4,0.52,0.22,2.7,0.084,4,3.26,0.57,9.9
8.2,0.28,0.4,2.4,0.052,4,3.33,0.7,12.8
8.4,0.25,0.39,2,0.041,4,3.27,0.71,12.5
8.2,0.28,0.4,2.4,0.052,4,3.33,0.7,12.8
7.4,0.53,0.12,1.9,0.165,4,3.26,0.86,9.2
7.6,0.48,0.31,2.8,0.07,4,3.22,0.55,10.3
7.3,0.49,0.1,2.6,0.068,4,3.3,0.47,10.5
12.9,0.5,0.55,2.8,0.072,7,3.09,0.68,10.9
10.8,0.45,0.33,2.5,0.099,20,3.24,0.71,10.8
6.9,0.39,0.24,2.1,0.102,4,3.44,0.58,11.4
12.6,0.41,0.54,2.8,0.103,19,3.21,0.76,11.3
10.8,0.45,0.33,2.5,0.099,20,3.24,0.71,10.8
9.8,0.51,0.19,3.2,0.081,8,3.23,0.58,10.5
10.8,0.29,0.42,1.6,0.084,19,3.28,0.73,11.9
7.1,0.715,0,2.35,0.071,21,3.29,0.45,9.4
9.1,0.66,0.15,3.2,0.097,9,3.28,0.54,9.6
7,0.685,0,1.9,0.099,9,3.34,0.6,9.7
4.9,0.42,0,2.1,0.048,16,3.71,0.74,14
6.7,0.54,0.13,2,0.076,15,3.61,0.64,9.8
6.7,0.54,0.13,2,0.076,15,3.61,0.64,9.8
7.1,0.48,0.28,2.8,0.068,6,3.24,0.53,10.3
7.1,0.46,0.14,2.8,0.076,15,3.36,0.49,10.7
7.5,0.27,0.34,2.3,0.05,4,3.4,0.64,11
7.1,0.46,0.14,2.8,0.076,15,3.36,0.49,10.7
7.8,0.57,0.09,2.3,0.065,34,3.46,0.74,12.7
5.9,0.61,0.08,2.1,0.071,16,3.56,0.77,11.1
7.5,0.685,0.07,2.5,0.058,5,3.38,0.55,10.9
5.9,0.61,0.08,2.1,0.071,16,3.56,0.77,11.1
10.4,0.44,0.42,1.5,0.145,34,3.38,0.86,9.9
11.6,0.47,0.44,1.6,0.147,36,3.38,0.86,9.9
8.8,0.685,0.26,1.6,0.088,16,3.32,0.47,9.4
7.6,0.665,0.1,1.5,0.066,27,3.39,0.51,9.3
6.7,0.28,0.28,2.4,0.012,36,3.26,0.39,11.7
6.7,0.28,0.28,2.4,0.012,36,3.26,0.39,11.7
10.1,0.31,0.35,1.6,0.075,9,3.24,0.83,11.2
6,0.5,0.04,2.2,0.092,13,3.46,0.47,10
11.1,0.42,0.47,2.65,0.085,9,3.24,0.77,12.1
6.6,0.66,0,3,0.115,21,3.45,0.63,10.3
10.6,0.5,0.45,2.6,0.119,34,3.23,0.72,10.9
7.1,0.685,0.35,2,0.088,9,3.28,0.62,9.4
9.9,0.25,0.46,1.7,0.062,26,3.18,0.83,10.6
6.4,0.64,0.21,1.8,0.081,14,3.59,0.66,9.8
6.4,0.64,0.21,1.8,0.081,14,3.59,0.66,9.8
7.4,0.68,0.16,1.8,0.078,12,3.5,0.7,9.9
6.4,0.64,0.21,1.8,0.081,14,3.59,0.66,9.8
6.4,0.63,0.21,1.6,0.08,12,3.58,0.66,9.8
9.3,0.43,0.44,1.9,0.085,9,3.28,0.55,9.5
9.3,0.43,0.44,1.9,0.085,9,3.28,0.55,9.5
8,0.42,0.32,2.5,0.08,26,3.22,1.07,9.7
9.3,0.36,0.39,1.5,0.08,41,3.47,0.73,10.9
9.3,0.36,0.39,1.5,0.08,41,3.47,0.73,10.9
7.6,0.735,0.02,2.5,0.071,10,3.51,0.71,11.7
9.3,0.36,0.39,1.5,0.08,41,3.47,0.73,10.9
8.2,0.26,0.34,2.5,0.073,16,3.4,0.78,11.3
11.7,0.28,0.47,1.7,0.054,17,3.15,0.67,10.6
6.8,0.56,0.22,1.8,0.074,15,3.4,0.82,11.2
7.2,0.62,0.06,2.7,0.077,15,3.51,0.54,9.5
5.8,1.01,0.66,2,0.039,15,3.66,0.6,11.5
7.5,0.42,0.32,2.7,0.067,7,3.24,0.44,10.4
7.2,0.62,0.06,2.5,0.078,17,3.51,0.53,9.7
7.2,0.62,0.06,2.7,0.077,15,3.51,0.54,9.5
7.2,0.635,0.07,2.6,0.077,16,3.51,0.54,9.7
6.8,0.49,0.22,2.3,0.071,13,3.41,0.83,11.3
6.9,0.51,0.23,2,0.072,13,3.4,0.84,11.2
6.8,0.56,0.22,1.8,0.074,15,3.4,0.82,11.2
7.6,0.63,0.03,2,0.08,27,3.44,0.64,10.9
7.7,0.715,0.01,2.1,0.064,31,3.41,0.57,11.8
6.9,0.56,0.03,1.5,0.086,36,3.53,0.57,10.6
7.3,0.35,0.24,2,0.067,28,3.43,0.54,10
9.1,0.21,0.37,1.6,0.067,6,3.23,0.58,11.1
10.4,0.38,0.46,2.1,0.104,6,3.12,0.65,11.8
8.8,0.31,0.4,2.8,0.109,7,3.31,0.79,11.8
7.1,0.47,0,2.2,0.067,7,3.4,0.58,10.9
7.7,0.715,0.01,2.1,0.064,31,3.41,0.57,11.8
8.8,0.61,0.19,4,0.094,30,3.22,0.5,10
7.2,0.6,0.04,2.5,0.076,18,3.53,0.55,9.5
9.2,0.56,0.18,1.6,0.078,10,3.15,0.49,9.9
7.6,0.715,0,2.1,0.068,30,3.48,0.65,11.4
8.4,0.31,0.29,3.1,0.194,14,3.22,0.78,12
7.2,0.6,0.04,2.5,0.076,18,3.53,0.55,9.5
8.8,0.61,0.19,4,0.094,30,3.22,0.5,10
8.9,0.75,0.14,2.5,0.086,9,3.34,0.64,10.5
9,0.8,0.12,2.4,0.083,8,3.33,0.65,10.4
10.7,0.52,0.38,2.6,0.066,29,3.15,0.79,12.1
6.8,0.57,0,2.5,0.072,32,3.43,0.56,11.2
10.7,0.9,0.34,6.6,0.112,23,3.22,0.68,9.3
7.2,0.34,0.24,2,0.071,30,3.44,0.58,10.1
7.2,0.66,0.03,2.3,0.078,16,3.53,0.57,9.7
10.1,0.45,0.23,1.9,0.082,10,3.22,0.65,9.3
7.2,0.66,0.03,2.3,0.078,16,3.53,0.57,9.7
7.2,0.63,0.03,2.2,0.08,17,3.53,0.58,9.8
7.1,0.59,0.01,2.3,0.08,27,3.42,0.58,10.7
8.3,0.31,0.39,2.4,0.078,17,3.31,0.77,12.5
7.1,0.59,0.01,2.3,0.08,27,3.42,0.58,10.7
8.3,0.31,0.39,2.4,0.078,17,3.31,0.77,12.5
8.3,1.02,0.02,3.4,0.084,6,3.48,0.49,11
8.9,0.31,0.36,2.6,0.056,10,3.4,0.69,11.8
7.4,0.635,0.1,2.4,0.08,16,3.58,0.69,10.8
7.4,0.635,0.1,2.4,0.08,16,3.58,0.69,10.8
6.8,0.59,0.06,6,0.06,11,3.41,0.59,10.8
6.8,0.59,0.06,6,0.06,11,3.41,0.59,10.8
9.2,0.58,0.2,3,0.081,15,3.23,0.59,9.5
7.2,0.54,0.27,2.6,0.084,12,3.39,0.71,11
6.1,0.56,0,2.2,0.079,6,3.59,0.54,11.5
7.4,0.52,0.13,2.4,0.078,34,3.43,0.59,10.8
7.3,0.305,0.39,1.2,0.059,7,3.29,0.52,11.5
9.3,0.38,0.48,3.8,0.132,3,3.23,0.57,13.2
9.1,0.28,0.46,9,0.114,3,3.18,0.6,10.9
10,0.46,0.44,2.9,0.065,4,3.33,0.62,12.2
9.4,0.395,0.46,4.6,0.094,3,3.27,0.64,12.2
7.3,0.305,0.39,1.2,0.059,7,3.29,0.52,11.5
8.6,0.315,0.4,2.2,0.079,3,3.27,0.67,11.9
5.3,0.715,0.19,1.5,0.161,7,3.62,0.61,11
6.8,0.41,0.31,8.8,0.084,26,3.38,0.64,10.1
8.4,0.36,0.32,2.2,0.081,32,3.3,0.72,11
8.4,0.62,0.12,1.8,0.072,38,3.38,0.89,11.8
9.6,0.41,0.37,2.3,0.091,10,3.24,0.56,10.5
8.4,0.36,0.32,2.2,0.081,32,3.3,0.72,11
8.4,0.62,0.12,1.8,0.072,38,3.38,0.89,11.8
6.8,0.41,0.31,8.8,0.084,26,3.38,0.64,10.1
8.6,0.47,0.27,2.3,0.055,14,3.18,0.8,11.2
8.6,0.22,0.36,1.9,0.064,53,3.47,0.87,11
9.4,0.24,0.33,2.3,0.061,52,3.47,0.9,10.2
8.4,0.67,0.19,2.2,0.093,11,3.2,0.59,9.2
8.6,0.47,0.27,2.3,0.055,14,3.18,0.8,11.2
8.7,0.33,0.38,3.3,0.063,10,3.3,0.73,12
6.6,0.61,0.01,1.9,0.08,8,3.69,0.73,10.5
7.4,0.61,0.01,2,0.074,13,3.48,0.65,9.8
7.6,0.4,0.29,1.9,0.078,29,3.45,0.59,9.5
7.4,0.61,0.01,2,0.074,13,3.48,0.65,9.8
6.6,0.61,0.01,1.9,0.08,8,3.69,0.73,10.5
8.8,0.3,0.38,2.3,0.06,19,3.39,0.72,11.8
8.8,0.3,0.38,2.3,0.06,19,3.39,0.72,11.8
12,0.63,0.5,1.4,0.071,6,3.07,0.6,10.4
7.2,0.38,0.38,2.8,0.068,23,3.34,0.72,12.9
6.2,0.46,0.17,1.6,0.073,7,3.61,0.54,11.4
9.6,0.33,0.52,2.2,0.074,13,3.36,0.76,12.4
9.9,0.27,0.49,5,0.082,9,3.19,0.52,12.5
10.1,0.43,0.4,2.6,0.092,13,3.22,0.64,10
9.8,0.5,0.34,2.3,0.094,10,3.24,0.6,9.7
8.3,0.3,0.49,3.8,0.09,11,3.27,0.64,12.1
10.2,0.44,0.42,2,0.071,7,3.14,0.79,11.1
10.2,0.44,0.58,4.1,0.092,11,3.29,0.99,12
8.3,0.28,0.48,2.1,0.093,6,3.26,0.62,12.4
8.9,0.12,0.45,1.8,0.075,10,3.41,0.76,11.9
8.9,0.12,0.45,1.8,0.075,10,3.41,0.76,11.9
8.9,0.12,0.45,1.8,0.075,10,3.41,0.76,11.9
8.3,0.28,0.48,2.1,0.093,6,3.26,0.62,12.4
8.2,0.31,0.4,2.2,0.058,6,3.31,0.68,11.2
10.2,0.34,0.48,2.1,0.052,5,3.2,0.69,12.1
7.6,0.43,0.4,2.7,0.082,6,3.44,0.54,12.2
8.5,0.21,0.52,1.9,0.09,9,3.36,0.67,10.4
9,0.36,0.52,2.1,0.111,5,3.31,0.62,11.3
9.5,0.37,0.52,2,0.088,12,3.29,0.58,11.1
6.4,0.57,0.12,2.3,0.12,25,3.47,0.71,11.3
8,0.59,0.05,2,0.089,12,3.36,0.61,10
8.5,0.47,0.27,1.9,0.058,18,3.16,0.85,11.1
7.1,0.56,0.14,1.6,0.078,7,3.27,0.62,9.3
6.6,0.57,0.02,2.1,0.115,6,3.38,0.69,9.5
8.8,0.27,0.39,2,0.1,20,3.15,0.69,11.2
8.5,0.47,0.27,1.9,0.058,18,3.16,0.85,11.1
8.3,0.34,0.4,2.4,0.065,24,3.34,0.86,11
9,0.38,0.41,2.4,0.103,6,3.13,0.58,11.9
8.5,0.66,0.2,2.1,0.097,23,3.13,0.48,9.2
9,0.4,0.43,2.4,0.068,29,3.2,0.6,12.2
6.7,0.56,0.09,2.9,0.079,7,3.46,0.61,10.2
10.4,0.26,0.48,1.9,0.066,6,3.33,0.87,10.9
10.4,0.26,0.48,1.9,0.066,6,3.33,0.87,10.9
10.1,0.38,0.5,2.4,0.104,6,3.22,0.65,11.6
8.5,0.34,0.44,1.7,0.079,6,3.52,0.63,10.7
8.8,0.33,0.41,5.9,0.073,7,3.3,0.62,12.1
7.2,0.41,0.3,2.1,0.083,35,3.44,0.52,9.4
7.2,0.41,0.3,2.1,0.083,35,3.44,0.52,9.4
8.4,0.59,0.29,2.6,0.109,31,3.15,0.5,9.1
7,0.4,0.32,3.6,0.061,9,3.28,0.49,11.3
12.2,0.45,0.49,1.4,0.075,3,3.13,0.63,10.4
9.1,0.5,0.3,1.9,0.065,8,3.32,0.71,10.5
9.5,0.86,0.26,1.9,0.079,13,3.25,0.62,10
7.3,0.52,0.32,2.1,0.07,51,3.34,0.82,12.9
9.1,0.5,0.3,1.9,0.065,8,3.32,0.71,10.5
12.2,0.45,0.49,1.4,0.075,3,3.13,0.63,10.4
7.4,0.58,0,2,0.064,7,3.45,0.58,11.3
9.8,0.34,0.39,1.4,0.066,3,3.19,0.55,11.4
7.1,0.36,0.3,1.6,0.08,35,3.44,0.5,9.4
7.7,0.39,0.12,1.7,0.097,19,3.16,0.49,9.4
9.7,0.295,0.4,1.5,0.073,14,3.14,0.51,10.9
7.7,0.39,0.12,1.7,0.097,19,3.16,0.49,9.4
7.1,0.34,0.28,2,0.082,31,3.45,0.48,9.4
6.5,0.4,0.1,2,0.076,30,3.36,0.48,9.4
7.1,0.34,0.28,2,0.082,31,3.45,0.48,9.4
10,0.35,0.45,2.5,0.092,20,3.15,0.43,9.4
7.7,0.6,0.06,2,0.079,19,3.39,0.62,10.1
5.6,0.66,0,2.2,0.087,3,3.71,0.63,12.8
5.6,0.66,0,2.2,0.087,3,3.71,0.63,12.8
8.9,0.84,0.34,1.4,0.05,4,3.12,0.48,9.1
6.4,0.69,0,1.65,0.055,7,3.47,0.53,12.9
7.5,0.43,0.3,2.2,0.062,6,3.44,0.72,11.5
9.9,0.35,0.38,1.5,0.058,31,3.26,0.82,10.6
9.1,0.29,0.33,2.05,0.063,13,3.26,0.84,11.7
6.8,0.36,0.32,1.8,0.067,4,3.36,0.55,12.8
8.2,0.43,0.29,1.6,0.081,27,3.25,0.54,10.3
6.8,0.36,0.32,1.8,0.067,4,3.36,0.55,12.8
9.1,0.29,0.33,2.05,0.063,13,3.26,0.84,11.7
9.1,0.3,0.34,2,0.064,12,3.26,0.84,11.7
8.9,0.35,0.4,3.6,0.11,12,3.23,0.7,12
9.6,0.5,0.36,2.8,0.116,26,3.18,0.68,10.9
8.9,0.28,0.45,1.7,0.067,7,3.25,0.55,12.3
8.9,0.32,0.31,2,0.088,12,3.17,0.55,10.4
7.7,1.005,0.15,2.1,0.102,11,3.23,0.48,10
7.5,0.71,0,1.6,0.092,22,3.38,0.58,10
8,0.58,0.16,2,0.12,3,3.22,0.58,11.2
10.5,0.39,0.46,2.2,0.075,14,3.06,0.84,11.4
8.9,0.38,0.4,2.2,0.068,12,3.27,0.75,12.6
8,0.18,0.37,0.9,0.049,36,2.89,0.44,12.7
8,0.18,0.37,0.9,0.049,36,2.89,0.44,12.7
7,0.5,0.14,1.8,0.078,10,3.53,0.61,10.4
11.3,0.36,0.66,2.4,0.123,3,3.2,0.53,11.9
11.3,0.36,0.66,2.4,0.123,3,3.2,0.53,11.9
7,0.51,0.09,2.1,0.062,4,3.35,0.54,10.5
8.2,0.32,0.42,2.3,0.098,3,3.27,0.55,12.3
7.7,0.58,0.01,1.8,0.088,12,3.32,0.56,10.5
8.6,0.83,0,2.8,0.095,17,3.33,0.6,10.4
7.9,0.31,0.32,1.9,0.066,14,3.41,0.56,12.6
6.4,0.795,0,2.2,0.065,28,3.49,0.52,11.6
7.2,0.34,0.21,2.5,0.075,41,3.37,0.54,10.1
7.7,0.58,0.01,1.8,0.088,12,3.32,0.56,10.5
7.1,0.59,0,2.1,0.091,9,3.42,0.55,11.5
7.3,0.55,0.01,1.8,0.093,9,3.35,0.58,11
8.1,0.82,0,4.1,0.095,5,3.36,0.53,9.6
7.5,0.57,0.08,2.6,0.089,14,3.3,0.59,10.4
8.9,0.745,0.18,2.5,0.077,15,3.2,0.47,9.7
10.1,0.37,0.34,2.4,0.085,5,3.17,0.65,10.6
7.6,0.31,0.34,2.5,0.082,26,3.22,0.59,12.5
7.3,0.91,0.1,1.8,0.074,20,3.35,0.56,9.2
8.7,0.41,0.41,6.2,0.078,25,3.24,0.77,12.6
8.9,0.5,0.21,2.2,0.088,21,3.33,0.83,11.1
7.4,0.965,0,2.2,0.088,16,3.58,0.67,10.2
6.9,0.49,0.19,1.7,0.079,13,3.38,0.64,9.8
8.9,0.5,0.21,2.2,0.088,21,3.33,0.83,11.1
9.5,0.39,0.41,8.9,0.069,18,3.29,0.81,10.9
6.4,0.39,0.33,3.3,0.046,12,3.36,0.62,12.2
6.9,0.44,0,1.4,0.07,32,3.32,0.58,11.4
7.6,0.78,0,1.7,0.076,33,3.31,0.62,10.7
7.1,0.43,0.17,1.8,0.082,27,3.49,0.64,10.4
9.3,0.49,0.36,1.7,0.081,3,3.27,0.78,10.9
9.3,0.5,0.36,1.8,0.084,6,3.27,0.77,10.8
7.1,0.43,0.17,1.8,0.082,27,3.49,0.64,10.4
8.5,0.46,0.59,1.4,0.414,16,3.03,1.34,9.2
5.6,0.605,0.05,2.4,0.073,19,3.56,0.55,12.9
8.3,0.33,0.42,2.3,0.07,9,3.38,0.77,12.7
8.2,0.64,0.27,2,0.095,5,3.13,0.62,9.1
8.2,0.64,0.27,2,0.095,5,3.13,0.62,9.1
8.9,0.48,0.53,4,0.101,3,3.21,0.59,12.1
7.6,0.42,0.25,3.9,0.104,28,3.15,0.57,9.1
9.9,0.53,0.57,2.4,0.093,30,3.19,0.76,11.6
8.9,0.48,0.53,4,0.101,3,3.21,0.59,12.1
11.6,0.23,0.57,1.8,0.074,3,3.14,0.7,9.9
9.1,0.4,0.5,1.8,0.071,7,3.21,0.69,12.5
8,0.38,0.44,1.9,0.098,6,3.3,0.64,11.4
10.2,0.29,0.65,2.4,0.075,6,3.22,0.63,11.8
8.2,0.74,0.09,2,0.067,5,3.28,0.57,11.8
7.7,0.61,0.18,2.4,0.083,6,3.29,0.6,10.2
6.6,0.52,0.08,2.4,0.07,13,3.4,0.72,12.5
11.1,0.31,0.53,2.2,0.06,3,3.02,0.83,10.9
11.1,0.31,0.53,2.2,0.06,3,3.02,0.83,10.9
8,0.62,0.35,2.8,0.086,28,3.31,0.62,10.8
9.3,0.33,0.45,1.5,0.057,19,3.18,0.89,11.1
7.5,0.77,0.2,8.1,0.098,30,3.2,0.58,9.2
7.2,0.35,0.26,1.8,0.083,33,3.4,0.58,9.5
8,0.62,0.33,2.7,0.088,16,3.31,0.58,10.7
7.5,0.77,0.2,8.1,0.098,30,3.2,0.58,9.2
9.1,0.25,0.34,2,0.071,45,3.44,0.86,10.2
9.9,0.32,0.56,2,0.073,3,3.15,0.73,11.4
8.6,0.37,0.65,6.4,0.08,3,3.27,0.58,11
8.6,0.37,0.65,6.4,0.08,3,3.27,0.58,11
7.9,0.3,0.68,8.3,0.05,37.5,3.01,0.51,12.3
10.3,0.27,0.56,1.4,0.047,3,3.16,0.51,11.8
7.9,0.3,0.68,8.3,0.05,37.5,3.01,0.51,12.3
7.2,0.38,0.3,1.8,0.073,31,3.42,0.59,9.5
8.7,0.42,0.45,2.4,0.072,32,3.33,0.77,12
7.2,0.38,0.3,1.8,0.073,31,3.42,0.59,9.5
6.8,0.48,0.08,1.8,0.074,40,3.12,0.49,9.6
8.5,0.34,0.4,4.7,0.055,3,3.38,0.66,11.6
7.9,0.19,0.42,1.6,0.057,18,3.29,0.69,11.2
11.6,0.41,0.54,1.5,0.095,22,3.02,0.76,9.9
11.6,0.41,0.54,1.5,0.095,22,3.02,0.76,9.9
10,0.26,0.54,1.9,0.083,42,2.98,0.63,11.8
7.9,0.34,0.42,2,0.086,8,3.35,0.6,11.4
7,0.54,0.09,2,0.081,10,3.43,0.59,11.5
9.2,0.31,0.36,2.2,0.079,11,3.33,0.86,12
6.6,0.725,0.09,5.5,0.117,9,3.35,0.49,10.8
9.4,0.4,0.47,2.5,0.087,6,3.15,0.5,10.5
6.6,0.725,0.09,5.5,0.117,9,3.35,0.49,10.8
8.6,0.52,0.38,1.5,0.096,5,3.2,0.52,9.4
8,0.31,0.45,2.1,0.216,5,3.15,0.81,12.5
8.6,0.52,0.38,1.5,0.096,5,3.2,0.52,9.4
8.4,0.34,0.42,2.1,0.072,23,3.11,0.78,12.4
7.4,0.49,0.27,2.1,0.071,14,3.35,0.63,12
6.1,0.48,0.09,1.7,0.078,18,3.45,0.54,11.2
7.4,0.49,0.27,2.1,0.071,14,3.35,0.63,12
8,0.48,0.34,2.2,0.073,16,3.28,0.66,12.4
6.3,0.57,0.28,2.1,0.048,13,3.41,0.6,12.8
8.2,0.23,0.42,1.9,0.069,9,3.21,0.54,12.3
9.1,0.3,0.41,2,0.068,10,3.27,0.85,11.7
8.1,0.78,0.1,3.3,0.09,4,3.36,0.49,9.5
10.8,0.47,0.43,2.1,0.171,27,3.17,0.76,10.8
8.3,0.53,0,1.4,0.07,6,3.25,0.64,10
5.4,0.42,0.27,2,0.092,23,3.78,0.64,12.3
7.9,0.33,0.41,1.5,0.056,6,3.29,0.71,11
8.9,0.24,0.39,1.6,0.074,3,3.12,0.59,9.5
5,0.4,0.5,4.3,0.046,29,3.49,0.66,13.6
7,0.69,0.07,2.5,0.091,15,3.38,0.6,11.3
7,0.69,0.07,2.5,0.091,15,3.38,0.6,11.3
7,0.69,0.07,2.5,0.091,15,3.38,0.6,11.3
7.1,0.39,0.12,2.1,0.065,14,3.3,0.53,13.3
5.6,0.66,0,2.5,0.066,7,3.52,0.58,12.9
7.9,0.54,0.34,2.5,0.076,8,3.2,0.72,13.1
6.6,0.5,0,1.8,0.062,21,3.44,0.55,12.3
6.3,0.47,0,1.4,0.055,27,3.45,0.48,12.3
10.7,0.4,0.37,1.9,0.081,17,3.12,0.65,11.2
6.5,0.58,0,2.2,0.096,3,3.62,0.62,11.5
8.8,0.24,0.35,1.7,0.055,13,3.14,0.59,11.3
5.8,0.29,0.26,1.7,0.063,3,3.39,0.54,13.5
6.3,0.76,0,2.9,0.072,26,3.51,0.6,11.5
10,0.43,0.33,2.7,0.095,28,3.22,0.68,10
10.5,0.43,0.35,3.3,0.092,24,3.21,0.69,10.5
9.1,0.6,0,1.9,0.058,5,3.18,0.63,10.4
5.9,0.19,0.21,1.7,0.045,57,3.32,0.44,9.5
7.4,0.36,0.34,1.8,0.075,18,3.38,0.88,13.6
7.2,0.48,0.07,5.5,0.089,10,3.37,0.68,11.2
8.5,0.28,0.35,1.7,0.061,6,3.3,0.74,11.8
8,0.25,0.43,1.7,0.067,22,3.38,0.6,11.9
10.4,0.52,0.45,2,0.08,6,3.22,0.76,11.4
10.4,0.52,0.45,2,0.08,6,3.22,0.76,11.4
7.5,0.41,0.15,3.7,0.104,29,3.14,0.58,9.1
8.2,0.51,0.24,2,0.079,16,3.34,0.64,9.5
7.3,0.4,0.3,1.7,0.08,33,3.41,0.65,9.5
8.2,0.38,0.32,2.5,0.08,24,3.27,0.85,11
6.9,0.45,0.11,2.4,0.043,6,3.3,0.65,11.4
7,0.22,0.3,1.8,0.065,16,3.61,0.82,10
7.3,0.32,0.23,2.3,0.066,35,3.43,0.62,10.1
8.2,0.2,0.43,2.5,0.076,31,3.53,0.81,10.4
7.8,0.5,0.12,1.8,0.178,6,3.28,0.87,9.8
10,0.41,0.45,6.2,0.071,6,3.21,0.49,11.8
7.8,0.39,0.42,2,0.086,9,3.39,0.66,11.6
10,0.35,0.47,2,0.061,6,3.23,0.52,12
8.2,0.33,0.32,2.8,0.067,4,3.3,0.76,12.8
6.1,0.58,0.23,2.5,0.044,16,3.46,0.65,12.5
8.3,0.6,0.25,2.2,0.118,9,3.15,0.53,9.8
9.6,0.42,0.35,2.1,0.083,17,3.23,0.66,11.1
6.6,0.58,0,2.2,0.1,50,3.59,0.68,11.4
8.3,0.6,0.25,2.2,0.118,9,3.15,0.53,9.8
8.5,0.18,0.51,1.75,0.071,45,3.33,0.76,11.8
5.1,0.51,0.18,2.1,0.042,16,3.46,0.87,12.9
6.7,0.41,0.43,2.8,0.076,22,3.42,1.16,10.6
10.2,0.41,0.43,2.2,0.11,11,3.16,0.67,10.8
10.6,0.36,0.57,2.3,0.087,6,3.14,0.72,11.1
8.8,0.45,0.43,1.4,0.076,12,3.21,0.75,10.2
8.5,0.32,0.42,2.3,0.075,12,3.14,0.71,11.8
9,0.785,0.24,1.7,0.078,10,3.29,0.67,10
9,0.785,0.24,1.7,0.078,10,3.29,0.67,10
8.5,0.44,0.5,1.9,0.369,15,3.01,1.1,9.4
9.9,0.54,0.26,2,0.111,7,2.94,0.98,10.2
8.2,0.33,0.39,2.5,0.074,29,3.32,0.88,12.4
6.5,0.34,0.27,2.8,0.067,8,3.21,0.56,12
7.6,0.5,0.29,2.3,0.086,5,3.32,0.62,11.5
9.2,0.36,0.34,1.6,0.062,5,3.2,0.67,10.5
7.1,0.59,0,2.2,0.078,26,3.42,0.68,10.8
9.7,0.42,0.46,2.1,0.074,5,3.27,0.74,12.3
7.6,0.36,0.31,1.7,0.079,26,3.46,0.62,9.5
7.6,0.36,0.31,1.7,0.079,26,3.46,0.62,9.5
6.5,0.61,0,2.2,0.095,48,3.61,0.7,11.5
6.5,0.88,0.03,5.6,0.079,23,3.58,0.5,11.2
7.1,0.66,0,2.4,0.052,6,3.35,0.66,12.7
5.6,0.915,0,2.1,0.041,17,3.68,0.73,11.4
8.2,0.35,0.33,2.4,0.076,11,3.27,0.81,11
8.2,0.35,0.33,2.4,0.076,11,3.27,0.81,11
9.8,0.39,0.43,1.65,0.068,5,3.19,0.46,11.4
10.2,0.4,0.4,2.5,0.068,41,3.38,0.86,10.5
6.8,0.66,0.07,1.6,0.07,16,3.29,0.6,9.3
6.7,0.64,0.23,2.1,0.08,11,3.36,0.7,10.9
7,0.43,0.3,2,0.085,6,3.33,0.46,11.9
6.6,0.8,0.03,7.8,0.079,6,3.52,0.5,12.2
7,0.43,0.3,2,0.085,6,3.33,0.46,11.9
6.7,0.64,0.23,2.1,0.08,11,3.36,0.7,10.9
8.8,0.955,0.05,1.8,0.075,5,3.3,0.44,9.6
9.1,0.4,0.57,4.6,0.08,6,3.28,0.57,12.5
6.5,0.885,0,2.3,0.166,6,3.56,0.51,10.8
7.2,0.25,0.37,2.5,0.063,11,3.52,0.8,12.4
6.4,0.885,0,2.3,0.166,6,3.56,0.51,10.8
7,0.745,0.12,1.8,0.114,15,3.22,0.59,9.5
6.2,0.43,0.22,1.8,0.078,21,3.52,0.6,9.5
7.9,0.58,0.23,2.3,0.076,23,3.21,0.58,9.5
7.7,0.57,0.21,1.5,0.069,4,3.16,0.54,9.8
7.7,0.26,0.26,2,0.052,19,3.15,0.79,10.9
7.9,0.58,0.23,2.3,0.076,23,3.21,0.58,9.5
7.7,0.57,0.21,1.5,0.069,4,3.16,0.54,9.8
7.9,0.34,0.36,1.9,0.065,5,3.27,0.54,11.2
8.6,0.42,0.39,1.8,0.068,6,3.35,0.69,11.7
9.9,0.74,0.19,5.8,0.111,33,3.14,0.55,9.4
7.2,0.36,0.46,2.1,0.074,24,3.4,0.85,11
7.2,0.36,0.46,2.1,0.074,24,3.4,0.85,11
7.2,0.36,0.46,2.1,0.074,24,3.4,0.85,11
9.9,0.72,0.55,1.7,0.136,24,3.35,0.94,10
7.2,0.36,0.46,2.1,0.074,24,3.4,0.85,11
6.2,0.39,0.43,2,0.071,14,3.45,0.87,11.2
6.8,0.65,0.02,2.1,0.078,8,3.35,0.62,10.4
6.6,0.44,0.15,2.1,0.076,22,3.32,0.62,9.3
6.8,0.65,0.02,2.1,0.078,8,3.35,0.62,10.4
9.6,0.38,0.42,1.9,0.071,5,3.15,0.75,10.5
10.2,0.33,0.46,1.9,0.081,6,3.1,0.48,10.4
8.8,0.27,0.46,2.1,0.095,20,3.26,0.56,11.3
7.9,0.57,0.31,2,0.079,10,3.29,0.69,9.5
8.2,0.34,0.37,1.9,0.057,43,3.23,0.81,12
8.2,0.4,0.31,1.9,0.082,8,3.24,0.69,10.6
9,0.39,0.4,1.3,0.044,25,3.2,0.83,10.9
10.9,0.32,0.52,1.8,0.132,17,3.28,0.77,11.5
10.9,0.32,0.52,1.8,0.132,17,3.28,0.77,11.5
8.1,0.53,0.22,2.2,0.078,33,3.26,0.46,9.6
10.5,0.36,0.47,2.2,0.074,9,3.23,0.76,12
12.6,0.39,0.49,2.5,0.08,8,3.07,0.82,10.3
9.2,0.46,0.23,2.6,0.091,18,3.15,0.51,9.4
7.5,0.58,0.03,4.1,0.08,27,3.02,0.47,9.2
9,0.58,0.25,2,0.104,8,3.27,0.72,9.6
5.1,0.42,0,1.8,0.044,18,3.68,0.73,13.6
7.6,0.43,0.29,2.1,0.075,19,3.4,0.64,9.5
7.7,0.18,0.34,2.7,0.066,15,3.37,0.78,11.8
7.8,0.815,0.01,2.6,0.074,48,3.38,0.62,10.8
7.6,0.43,0.29,2.1,0.075,19,3.4,0.64,9.5
10.2,0.23,0.37,2.2,0.057,14,3.23,0.49,9.3
7.1,0.75,0.01,2.2,0.059,11,3.39,0.4,12.8
6,0.33,0.32,12.9,0.054,6,3.3,0.56,11.5
7.8,0.55,0,1.7,0.07,7,3.26,0.64,9.4
7.1,0.75,0.01,2.2,0.059,11,3.39,0.4,12.8
8.1,0.73,0,2.5,0.081,12,3.38,0.46,9.6
6.5,0.67,0,4.3,0.057,11,3.45,0.56,11.8
7.5,0.61,0.2,1.7,0.076,36,3.1,0.4,9.3
9.8,0.37,0.39,2.5,0.079,28,3.16,0.59,9.8
9,0.4,0.41,2,0.058,15,3.22,0.6,12.2
8.3,0.56,0.22,2.4,0.082,10,3.37,0.62,9.5
5.9,0.29,0.25,13.4,0.067,72,3.33,0.54,10.3
7.4,0.55,0.19,1.8,0.082,15,3.49,0.68,10.5
7.4,0.74,0.07,1.7,0.086,15,3.12,0.48,10
7.4,0.55,0.19,1.8,0.082,15,3.49,0.68,10.5
6.9,0.41,0.33,2.2,0.081,22,3.41,0.75,11.1
7.1,0.6,0.01,2.3,0.079,24,3.4,0.61,10.9
7.1,0.6,0.01,2.3,0.079,24,3.4,0.61,10.9
7.5,0.58,0.14,2.2,0.077,27,3.28,0.59,9.8
7.1,0.72,0,1.8,0.123,6,3.45,0.58,9.8
7.9,0.66,0,1.4,0.096,6,3.43,0.58,9.5
7.8,0.7,0.06,1.9,0.079,20,3.4,0.69,10.9
6.1,0.64,0.02,2.4,0.069,26,3.47,0.45,11
7.5,0.59,0.22,1.8,0.082,43,3.1,0.42,9.2
7,0.58,0.28,4.8,0.085,12,3.32,0.7,11
6.8,0.64,0,2.7,0.123,15,3.44,0.63,11.3
6.8,0.64,0,2.7,0.123,15,3.44,0.63,11.3
8.6,0.635,0.68,1.8,0.403,19,3.02,1.15,9.3
6.3,1.02,0,2,0.083,17,3.59,0.55,11.2
9.8,0.45,0.38,2.5,0.081,34,3.15,0.58,9.8
8.2,0.78,0,2.2,0.089,13,3.37,0.46,9.6
8.5,0.37,0.32,1.8,0.066,26,3.38,0.72,11.8
7.2,0.57,0.05,2.3,0.081,16,3.38,0.6,10.3
7.2,0.57,0.05,2.3,0.081,16,3.38,0.6,10.3
10.4,0.43,0.5,2.3,0.068,13,3.1,0.87,11.4
6.9,0.41,0.31,2,0.079,21,3.47,0.55,9.5
5.5,0.49,0.03,1.8,0.044,28,3.5,0.82,14
5,0.38,0.01,1.6,0.048,26,3.7,0.75,14
7.3,0.44,0.2,1.6,0.049,24,3.38,0.57,11.7
5.9,0.46,0,1.9,0.077,25,3.5,0.53,11.2
7.5,0.58,0.2,2,0.073,34,3.1,0.43,9.3
7.8,0.58,0.13,2.1,0.102,17,3.24,0.53,11.2
8,0.715,0.22,2.3,0.075,13,3.24,0.54,9.5
8.5,0.4,0.4,6.3,0.05,3,3.28,0.56,12
7,0.69,0,1.9,0.114,3,3.35,0.6,9.7
8,0.715,0.22,2.3,0.075,13,3.24,0.54,9.5
9.8,0.3,0.39,1.7,0.062,3,3.14,0.57,11.5
7.1,0.46,0.2,1.9,0.077,28,3.37,0.64,10.4
7.1,0.46,0.2,1.9,0.077,28,3.37,0.64,10.4
7.9,0.765,0,2,0.084,9,3.33,0.68,10.9
8.7,0.63,0.28,2.7,0.096,17,3.26,0.63,10.2
7,0.42,0.19,2.3,0.071,18,3.39,0.56,10.9
11.3,0.37,0.5,1.8,0.09,20,3.15,0.57,10.5
7.1,0.16,0.44,2.5,0.068,17,3.35,0.54,12.4
8,0.6,0.08,2.6,0.056,3,3.22,0.37,13
7,0.6,0.3,4.5,0.068,20,3.3,1.17,10.2
7,0.6,0.3,4.5,0.068,20,3.3,1.17,10.2
7.6,0.74,0,1.9,0.1,6,3.36,0.59,11
8.2,0.635,0.1,2.1,0.073,25,3.29,0.75,10.9
5.9,0.395,0.13,2.4,0.056,14,3.62,0.67,12.4
7.5,0.755,0,1.9,0.084,6,3.34,0.49,9.7
8.2,0.635,0.1,2.1,0.073,25,3.29,0.75,10.9
6.6,0.63,0,4.3,0.093,51,3.2,0.45,9.5
6.6,0.63,0,4.3,0.093,51,3.2,0.45,9.5
7.2,0.53,0.14,2.1,0.064,15,3.35,0.61,12.1
5.7,0.6,0,1.4,0.063,11,3.45,0.56,12.2
7.6,1.58,0,2.1,0.137,5,3.5,0.4,10.9
5.2,0.645,0,2.15,0.08,15,3.78,0.61,12.5
6.7,0.86,0.07,2,0.1,20,3.6,0.74,11.7
9.1,0.37,0.32,2.1,0.064,4,3.3,0.8,11.2
8,0.28,0.44,1.8,0.081,28,3.36,0.66,11.2
7.6,0.79,0.21,2.3,0.087,21,3.12,0.44,9.2
7.5,0.61,0.26,1.9,0.073,24,3.3,0.53,9.8
9.7,0.69,0.32,2.5,0.088,22,3.29,0.62,10.1
6.8,0.68,0.09,3.9,0.068,15,3.41,0.52,11.1
9.7,0.69,0.32,2.5,0.088,22,3.29,0.62,10.1
7,0.62,0.1,1.4,0.071,27,3.28,0.61,9.2
7.5,0.61,0.26,1.9,0.073,24,3.3,0.53,9.8
6.5,0.51,0.15,3,0.064,12,3.33,0.59,12.8
8,1.18,0.21,1.9,0.083,14,3.34,0.47,10.5
7,0.36,0.21,2.3,0.086,20,3.4,0.54,10.1
7,0.36,0.21,2.4,0.086,24,3.4,0.53,10.1
7.5,0.63,0.27,2,0.083,17,3.26,0.58,9.8
5.4,0.74,0,1.2,0.041,16,4.01,0.59,12.5
9.9,0.44,0.46,2.2,0.091,10,3.18,0.69,11.9
7.5,0.63,0.27,2,0.083,17,3.26,0.58,9.8
9.1,0.76,0.68,1.7,0.414,18,2.9,1.33,9.1
9.7,0.66,0.34,2.6,0.094,12,3.26,0.66,10.1
5,0.74,0,1.2,0.041,16,4.01,0.59,12.5
9.1,0.34,0.42,1.8,0.058,9,3.18,0.55,11.4
9.1,0.36,0.39,1.8,0.06,21,3.18,0.82,11
6.7,0.46,0.24,1.7,0.077,18,3.39,0.6,10.6
6.7,0.46,0.24,1.7,0.077,18,3.39,0.6,10.6
6.7,0.46,0.24,1.7,0.077,18,3.39,0.6,10.6
6.7,0.46,0.24,1.7,0.077,18,3.39,0.6,10.6
6.5,0.52,0.11,1.8,0.073,13,3.34,0.52,9.3
7.4,0.6,0.26,2.1,0.083,17,3.29,0.56,9.8
7.4,0.6,0.26,2.1,0.083,17,3.29,0.56,9.8
7.8,0.87,0.26,3.8,0.107,31,3.26,0.46,9.2
8.4,0.39,0.1,1.7,0.075,6,3.09,0.43,9.7
9.1,0.775,0.22,2.2,0.079,12,3.18,0.51,9.6
7.2,0.835,0,2,0.166,4,3.39,0.52,10
6.6,0.58,0.02,2.4,0.069,19,3.38,0.66,12.6
6,0.5,0,1.4,0.057,15,3.36,0.45,9.5
6,0.5,0,1.4,0.057,15,3.36,0.45,9.5
6,0.5,0,1.4,0.057,15,3.36,0.45,9.5
7.5,0.51,0.02,1.7,0.084,13,3.36,0.54,10.5
7.5,0.51,0.02,1.7,0.084,13,3.36,0.54,10.5
7.5,0.51,0.02,1.7,0.084,13,3.36,0.54,10.5
7.6,0.54,0.02,1.7,0.085,17,3.37,0.51,10.4
7.5,0.51,0.02,1.7,0.084,13,3.36,0.54,10.5
11.5,0.42,0.48,2.6,0.077,8,3.09,0.53,11
8.2,0.44,0.24,2.3,0.063,10,3.25,0.53,10.2
6.1,0.59,0.01,2.1,0.056,5,3.52,0.56,11.4
7.2,0.655,0.03,1.8,0.078,7,3.34,0.39,9.5
7.2,0.655,0.03,1.8,0.078,7,3.34,0.39,9.5
6.9,0.57,0,2.8,0.081,21,3.41,0.52,10.8
9,0.6,0.29,2,0.069,32,3.34,0.57,10
7.2,0.62,0.01,2.3,0.065,8,3.32,0.51,11.8
7.6,0.645,0.03,1.9,0.086,14,3.37,0.46,10.3
7.6,0.645,0.03,1.9,0.086,14,3.37,0.46,10.3
7.2,0.58,0.03,2.3,0.077,7,3.35,0.52,10
6.1,0.32,0.25,1.8,0.086,5,3.36,0.44,10.1
6.1,0.34,0.25,1.8,0.084,4,3.36,0.44,10.1
7.3,0.43,0.24,2.5,0.078,27,3.6,0.59,11.1
7.4,0.64,0.17,5.4,0.168,52,3.28,0.5,9.5
11.6,0.475,0.4,1.4,0.091,6,3.07,0.65,10.03333333
9.2,0.54,0.31,2.3,0.112,11,3.24,0.56,10.9
8.3,0.85,0.14,2.5,0.093,13,3.36,0.54,10.1
11.6,0.475,0.4,1.4,0.091,6,3.07,0.65,10.03333333
8,0.83,0.27,2,0.08,11,3.29,0.48,9.8
7.2,0.605,0.02,1.9,0.096,10,3.46,0.53,11.8
7.8,0.5,0.09,2.2,0.115,10,3.18,0.62,9.5
7.3,0.74,0.08,1.7,0.094,10,3.24,0.5,9.8
6.9,0.54,0.3,2.2,0.088,9,3.25,1.18,10.5
8,0.77,0.32,2.1,0.079,16,3.27,0.5,9.8
6.6,0.61,0,1.6,0.069,4,3.33,0.37,10.4
8.7,0.78,0.51,1.7,0.415,12,3,1.17,9.2
7.5,0.58,0.56,3.1,0.153,5,3.21,1.03,11.6
8.7,0.78,0.51,1.7,0.415,12,3,1.17,9.2
7.7,0.75,0.27,3.8,0.11,34,3.24,0.45,9.3
6.8,0.815,0,1.2,0.267,16,3.32,0.51,9.8
7.2,0.56,0.26,2,0.083,13,3.26,0.52,9.9
8.2,0.885,0.2,1.4,0.086,7,3.11,0.46,10
5.2,0.49,0.26,2.3,0.09,23,3.71,0.62,12.2
7.2,0.45,0.15,2,0.078,10,3.29,0.51,9.9
7.5,0.57,0.02,2.6,0.077,11,3.36,0.62,10.8
7.5,0.57,0.02,2.6,0.077,11,3.36,0.62,10.8
6.8,0.83,0.09,1.8,0.074,4,3.38,0.45,9.6
8,0.6,0.22,2.1,0.08,25,3.3,0.49,9.9
8,0.6,0.22,2.1,0.08,25,3.3,0.49,9.9
7.1,0.755,0.15,1.8,0.107,20,3.19,0.5,9.5
8,0.81,0.25,3.4,0.076,34,3.19,0.42,9.2
7.4,0.64,0.07,1.8,0.1,8,3.3,0.58,9.6
7.4,0.64,0.07,1.8,0.1,8,3.3,0.58,9.6
6.6,0.64,0.31,6.1,0.083,7,3.35,0.68,10.3
6.7,0.48,0.02,2.2,0.08,36,3.1,0.53,9.7
6,0.49,0,2.3,0.068,15,3.58,0.59,12.5
8,0.64,0.22,2.4,0.094,5,3.37,0.58,11
7.1,0.62,0.06,1.3,0.07,5,3.17,0.48,9.8
8,0.52,0.25,2,0.078,19,3.3,0.48,10.2
6.4,0.57,0.14,3.9,0.07,27,3.32,0.48,9.2
8.6,0.685,0.1,1.6,0.092,3,3.31,0.65,9.55
8.7,0.675,0.1,1.6,0.09,4,3.31,0.65,9.55
7.3,0.59,0.26,2,0.08,17,3.28,0.52,9.9
7,0.6,0.12,2.2,0.083,13,3.52,0.62,10.2
7.2,0.67,0,2.2,0.068,10,3.42,0.72,11.1
7.9,0.69,0.21,2.1,0.08,33,3.25,0.51,9.9
7.9,0.69,0.21,2.1,0.08,33,3.25,0.51,9.9
7.6,0.3,0.42,2,0.052,6,3.44,0.82,11.9
7.2,0.33,0.33,1.7,0.061,3,3.23,1.1,10
8,0.5,0.39,2.6,0.082,12,3.43,0.62,10.7
7.7,0.28,0.3,2,0.062,18,3.28,0.9,11.3
8.2,0.24,0.34,5.1,0.062,8,3.22,0.94,10.9
6,0.51,0,2.1,0.064,40,3.54,0.93,10.7
8.1,0.29,0.36,2.2,0.048,35,3.27,1.01,12.4
6,0.51,0,2.1,0.064,40,3.54,0.93,10.7
6.6,0.96,0,1.8,0.082,5,3.5,0.44,11.9
6.4,0.47,0.4,2.4,0.071,8,3.56,0.73,10.6
8.2,0.24,0.34,5.1,0.062,8,3.22,0.94,10.9
9.9,0.57,0.25,2,0.104,12,3.04,0.9,10.1
10,0.32,0.59,2.2,0.077,3,3.2,0.78,9.6
6.2,0.58,0,1.6,0.065,8,3.56,0.84,9.4
10,0.32,0.59,2.2,0.077,3,3.2,0.78,9.6
7.3,0.34,0.33,2.5,0.064,21,3.35,0.77,12.1
7.8,0.53,0.01,1.6,0.077,3,3.16,0.46,9.8
7.7,0.64,0.21,2.2,0.077,32,3.27,0.45,9.9
7.8,0.53,0.01,1.6,0.077,3,3.16,0.46,9.8
7.5,0.4,0.18,1.6,0.079,24,3.34,0.58,9.4
7,0.54,0,2.1,0.079,39,3.39,0.84,11.4
6.4,0.53,0.09,3.9,0.123,14,3.5,0.67,11
8.3,0.26,0.37,1.4,0.076,8,3.26,0.7,9.6
8.3,0.26,0.37,1.4,0.076,8,3.26,0.7,9.6
7.7,0.23,0.37,1.8,0.046,23,3.41,0.71,12.1
7.6,0.41,0.33,2.5,0.078,6,3.3,0.58,11.2
7.8,0.64,0,1.9,0.072,27,3.31,0.63,11
7.9,0.18,0.4,2.2,0.049,38,3.33,0.93,11.3
7.4,0.41,0.24,1.8,0.066,18,3.37,0.62,10.4
7.6,0.43,0.31,2.1,0.069,13,3.26,0.54,9.9
5.9,0.44,0,1.6,0.042,3,3.48,0.85,11.7
6.1,0.4,0.16,1.8,0.069,11,3.42,0.74,10.1
10.2,0.54,0.37,15.4,0.214,55,3.18,0.77,9
10.2,0.54,0.37,15.4,0.214,55,3.18,0.77,9
10,0.38,0.38,1.6,0.169,27,3.15,0.65,8.5
6.8,0.915,0.29,4.8,0.07,15,3.53,0.54,11.1
7,0.59,0,1.7,0.052,3,3.41,0.47,10.3
7.3,0.67,0.02,2.2,0.072,31,3.32,0.68,11.06666667
7.2,0.37,0.32,2,0.062,15,3.23,0.73,11.3
7.4,0.785,0.19,5.2,0.094,19,3.16,0.52,9.566666667
6.9,0.63,0.02,1.9,0.078,18,3.4,0.75,9.8
6.9,0.58,0.2,1.75,0.058,8,3.38,0.49,11.7
7.3,0.67,0.02,2.2,0.072,31,3.32,0.68,11.1
7.4,0.785,0.19,5.2,0.094,19,3.16,0.52,9.6
6.9,0.63,0.02,1.9,0.078,18,3.4,0.75,9.8
6.8,0.67,0,1.9,0.08,22,3.4,0.74,9.7
6.9,0.58,0.01,1.9,0.08,40,3.4,0.73,9.7
7.2,0.38,0.31,2,0.056,15,3.23,0.76,11.3
7.2,0.37,0.32,2,0.062,15,3.23,0.73,11.3
7.8,0.32,0.44,2.7,0.104,8,3.33,0.78,11
6.6,0.58,0.02,2,0.062,37,3.35,0.76,11.6
7.6,0.49,0.33,1.9,0.074,27,3.41,0.58,9
11.7,0.45,0.63,2.2,0.073,7,3.21,0.69,10.9
6.5,0.9,0,1.6,0.052,9,3.5,0.63,10.9
6,0.54,0.06,1.8,0.05,38,3.3,0.5,10.55
7.6,0.49,0.33,1.9,0.074,27,3.41,0.58,9
8.4,0.29,0.4,1.7,0.067,8,3.39,0.6,10.5
7.9,0.2,0.35,1.7,0.054,7,3.32,0.8,11.9
6.4,0.42,0.09,2.3,0.054,34,3.41,0.68,10.4
6.2,0.785,0,2.1,0.06,6,3.59,0.61,10
6.8,0.64,0.03,2.3,0.075,14,3.36,0.58,10.4
6.9,0.63,0.01,2.4,0.076,14,3.34,0.53,10.8
6.8,0.59,0.1,1.7,0.063,34,3.41,0.67,9.7
6.8,0.59,0.1,1.7,0.063,34,3.41,0.67,9.7
7.3,0.48,0.32,2.1,0.062,31,3.3,0.65,10
6.7,1.04,0.08,2.3,0.067,19,3.52,0.57,11
7.3,0.48,0.32,2.1,0.062,31,3.3,0.65,10
7.3,0.98,0.05,2.1,0.061,20,3.31,0.55,9.7
10,0.69,0.11,1.4,0.084,8,2.88,0.47,9.7
6.7,0.7,0.08,3.75,0.067,8,3.43,0.52,12.6
7.6,0.35,0.6,2.6,0.073,23,3.38,0.79,11.1
6.1,0.6,0.08,1.8,0.071,14,3.38,0.54,11
9.9,0.5,0.5,13.8,0.205,48,3.16,0.75,8.8
5.3,0.47,0.11,2.2,0.048,16,3.54,0.88,13.56666667
9.9,0.5,0.5,13.8,0.205,48,3.16,0.75,8.8
5.3,0.47,0.11,2.2,0.048,16,3.54,0.88,13.6
7.1,0.875,0.05,5.7,0.082,3,3.4,0.52,10.2
8.2,0.28,0.6,3,0.104,10,3.39,0.68,10.6
5.6,0.62,0.03,1.5,0.08,6,3.66,0.62,10.1
8.2,0.28,0.6,3,0.104,10,3.39,0.68,10.6
7.2,0.58,0.54,2.1,0.114,3,3.33,0.57,10.3
8.1,0.33,0.44,1.5,0.042,6,3.35,0.61,10.7
6.8,0.91,0.06,2,0.06,4,3.53,0.64,10.9
7,0.655,0.16,2.1,0.074,8,3.37,0.55,9.7
6.8,0.68,0.21,2.1,0.07,9,3.38,0.6,10.3
6,0.64,0.05,1.9,0.066,9,3.52,0.78,10.6
5.6,0.54,0.04,1.7,0.049,5,3.72,0.58,11.4
6.2,0.57,0.1,2.1,0.048,4,3.44,0.76,10.8
7.1,0.22,0.49,1.8,0.039,8,3.39,0.56,12.4
5.6,0.54,0.04,1.7,0.049,5,3.72,0.58,11.4
6.2,0.65,0.06,1.6,0.05,6,3.57,0.54,11.95
7.7,0.54,0.26,1.9,0.089,23,3.26,0.59,9.7
6.4,0.31,0.09,1.4,0.066,15,3.42,0.7,10
7,0.43,0.02,1.9,0.08,15,3.35,0.81,10.6
7.7,0.54,0.26,1.9,0.089,23,3.26,0.59,9.7
6.9,0.74,0.03,2.3,0.054,7,3.45,0.63,11.5
6.6,0.895,0.04,2.3,0.068,7,3.53,0.58,10.8
6.9,0.74,0.03,2.3,0.054,7,3.45,0.63,11.5
7.5,0.725,0.04,1.5,0.076,8,3.26,0.53,9.6
7.8,0.82,0.29,4.3,0.083,21,3.16,0.53,9.4
7.3,0.585,0.18,2.4,0.078,15,3.31,0.54,9.8
6.2,0.44,0.39,2.5,0.077,6,3.51,0.69,11
7.5,0.38,0.57,2.3,0.106,5,3.36,0.55,11.4
6.7,0.76,0.02,1.8,0.078,6,3.55,0.63,9.95
6.8,0.81,0.05,2,0.07,6,3.51,0.66,10.8
7.5,0.38,0.57,2.3,0.106,5,3.36,0.55,11.4
7.1,0.27,0.6,2.1,0.074,17,3.38,0.72,10.6
7.9,0.18,0.4,1.8,0.062,7,3.28,0.7,11.1
6.4,0.36,0.21,2.2,0.047,26,3.47,0.77,9.7
7.1,0.69,0.04,2.1,0.068,19,3.44,0.67,9.8
6.4,0.79,0.04,2.2,0.061,11,3.53,0.65,10.4
6.4,0.56,0.15,1.8,0.078,17,3.33,0.6,10.5
6.9,0.84,0.21,4.1,0.074,16,3.53,0.72,9.233333333
6.9,0.84,0.21,4.1,0.074,16,3.53,0.72,9.25
6.1,0.32,0.25,2.3,0.071,23,3.42,0.97,10.6
6.5,0.53,0.06,2,0.063,29,3.38,0.83,10.3
7.4,0.47,0.46,2.2,0.114,7,3.32,0.63,10.5
6.6,0.7,0.08,2.6,0.106,14,3.44,0.58,10.2
6.5,0.53,0.06,2,0.063,29,3.38,0.83,10.3
6.9,0.48,0.2,1.9,0.082,9,3.39,0.43,9.05
6.1,0.32,0.25,2.3,0.071,23,3.42,0.97,10.6
6.8,0.48,0.25,2,0.076,29,3.34,0.6,10.4
6,0.42,0.19,2,0.075,22,3.39,0.78,10
6.7,0.48,0.08,2.1,0.064,18,3.33,0.64,9.7
6.8,0.47,0.08,2.2,0.064,18,3.3,0.65,9.6
7.1,0.53,0.07,1.7,0.071,15,3.29,0.66,10.8
7.9,0.29,0.49,2.2,0.096,21,3.31,0.67,10.1
7.1,0.69,0.08,2.1,0.063,42,3.42,0.6,10.2
6.6,0.44,0.09,2.2,0.063,9,3.42,0.69,11.3
6.1,0.705,0.1,2.8,0.081,13,3.6,0.66,10.2
7.2,0.53,0.13,2,0.058,18,3.21,0.68,9.9
8,0.39,0.3,1.9,0.074,32,3.39,0.61,9
6.6,0.56,0.14,2.4,0.064,13,3.42,0.62,11.7
7,0.55,0.13,2.2,0.075,15,3.36,0.59,9.7
6.1,0.53,0.08,1.9,0.077,24,3.6,0.68,10.3
5.4,0.58,0.08,1.9,0.059,20,3.5,0.64,10.2
6.2,0.64,0.09,2.5,0.081,15,3.57,0.63,12
7.2,0.39,0.32,1.8,0.065,34,3.46,0.78,9.9
6.2,0.52,0.08,4.4,0.071,11,3.56,0.63,11.6
7.4,0.25,0.29,2.2,0.054,19,3.4,0.76,10.9
6.7,0.855,0.02,1.9,0.064,29,3.3,0.56,10.75
11.1,0.44,0.42,2.2,0.064,14,3.25,0.57,10.4
8.4,0.37,0.43,2.3,0.063,12,3.17,0.81,11.2
6.5,0.63,0.33,1.8,0.059,16,3.36,0.64,10.1
7,0.57,0.02,2,0.072,17,3.36,0.61,10.2
6.3,0.6,0.1,1.6,0.048,12,3.55,0.51,12.1
11.2,0.4,0.5,2,0.099,19,3.1,0.58,10.4
7.4,0.36,0.3,1.8,0.074,17,3.24,0.7,11.4
7.1,0.68,0,2.3,0.087,17,3.45,0.53,9.5
7.1,0.67,0,2.3,0.083,18,3.44,0.54,9.4
6.3,0.68,0.01,3.7,0.103,32,3.51,0.66,11.3
7.3,0.735,0,2.2,0.08,18,3.41,0.6,9.4
6.6,0.855,0.02,2.4,0.062,15,3.54,0.6,11
7,0.56,0.17,1.7,0.065,15,3.44,0.68,10.55
6.6,0.88,0.04,2.2,0.066,12,3.53,0.56,9.9
6.6,0.855,0.02,2.4,0.062,15,3.54,0.6,11
6.9,0.63,0.33,6.7,0.235,66,3.22,0.56,9.5
7.8,0.6,0.26,2,0.08,31,3.21,0.52,9.9
7.8,0.6,0.26,2,0.08,31,3.21,0.52,9.9
7.8,0.6,0.26,2,0.08,31,3.21,0.52,9.9
7.2,0.695,0.13,2,0.076,12,3.29,0.54,10.1
7.2,0.695,0.13,2,0.076,12,3.29,0.54,10.1
7.2,0.695,0.13,2,0.076,12,3.29,0.54,10.1
6.7,0.67,0.02,1.9,0.061,26,3.39,0.82,10.9
6.7,0.16,0.64,2.1,0.059,24,3.34,0.71,11.2
7.2,0.695,0.13,2,0.076,12,3.29,0.54,10.1
7,0.56,0.13,1.6,0.077,25,3.34,0.59,9.2
6.2,0.51,0.14,1.9,0.056,15,3.48,0.57,11.5
6.4,0.36,0.53,2.2,0.23,19,3.37,0.93,12.4
6.4,0.38,0.14,2.2,0.038,15,3.44,0.65,11.1
7.3,0.69,0.32,2.2,0.069,35,3.33,0.51,9.5
6,0.58,0.2,2.4,0.075,15,3.58,0.67,12.5
5.6,0.31,0.78,13.9,0.074,23,3.39,0.48,10.5
7.5,0.52,0.4,2.2,0.06,12,3.26,0.64,11.8
8,0.3,0.63,1.6,0.081,16,3.3,0.78,10.8
6.2,0.7,0.15,5.1,0.076,13,3.54,0.6,11.9
6.8,0.67,0.15,1.8,0.118,13,3.42,0.67,11.3
6.2,0.56,0.09,1.7,0.053,24,3.54,0.6,11.3
7.4,0.35,0.33,2.4,0.068,9,3.36,0.6,11.9
6.2,0.56,0.09,1.7,0.053,24,3.54,0.6,11.3
6.1,0.715,0.1,2.6,0.053,13,3.57,0.5,11.9
6.2,0.46,0.29,2.1,0.074,32,3.33,0.62,9.8
6.7,0.32,0.44,2.4,0.061,24,3.29,0.8,11.6
7.2,0.39,0.44,2.6,0.066,22,3.3,0.84,11.5
7.5,0.31,0.41,2.4,0.065,34,3.34,0.85,11.4
5.8,0.61,0.11,1.8,0.066,18,3.55,0.66,10.9
7.2,0.66,0.33,2.5,0.068,34,3.27,0.78,12.8
6.6,0.725,0.2,7.8,0.073,29,3.29,0.54,9.2
6.3,0.55,0.15,1.8,0.077,26,3.32,0.82,11.6
5.4,0.74,0.09,1.7,0.089,16,3.67,0.56,11.6
6.3,0.51,0.13,2.3,0.076,29,3.42,0.75,11
6.8,0.62,0.08,1.9,0.068,28,3.42,0.82,9.5
6.2,0.6,0.08,2,0.09,32,3.45,0.58,10.5
5.9,0.55,0.1,2.2,0.062,39,3.52,0.76,11.2
6.3,0.51,0.13,2.3,0.076,29,3.42,0.75,11
5.9,0.645,0.12,2,0.075,32,3.57,0.71,10.2
6,0.31,0.47,3.6,0.067,18,3.39,0.66,11
